{ "MAIN": { "MUSIC": "SWIM", "OBJECTS": { "141,25": "ROULETTE BLOCK", "77,26": "ROULETTE BLOCK", "94,23": "ROULETTE BLOCK", "52,19": "ROULETTE BLOCK", "57,11": "ROULETTE BLOCK", "126,21": "ROULETTE BLOCK", "169,20": "ROULETTE BLOCK", "99,19": "ROULETTE BLOCK", "149,17": "ROULETTE BLOCK", "182,17": "ROULETTE BLOCK", "106,16": "ROULETTE BLOCK", "161,12": "ROULETTE BLOCK", "147,6": "ROULETTE BLOCK", "123,6": "ROULETTE BLOCK", "181,25": "ROULETTE BLOCK", "105,24": "ROULETTE BLOCK", "54,23": "ROULETTE BLOCK", "59,19": "ROULETTE BLOCK", "162,20": "ROULETTE BLOCK", "92,19": "ROULETTE BLOCK", "142,17": "ROULETTE BLOCK", "189,17": "ROULETTE BLOCK", "74,14": "ROULETTE BLOCK", "125,13": "ROULETTE BLOCK", "97,11": "ROULETTE BLOCK", "92,6": "ROULETTE BLOCK", "186,26": "ROULETTE BLOCK", "34,24": "ROULETTE BLOCK", "165,23": "ROULETTE BLOCK", "53,20": "ROULETTE BLOCK", "98,20": "ROULETTE BLOCK", "168,19": "ROULETTE BLOCK", "127,18": "ROULETTE BLOCK", "73,17": "ROULETTE BLOCK", "145,14": "ROULETTE BLOCK", "90,12": "ROULETTE BLOCK", "122,10": "ROULETTE BLOCK", "172,8": "ROULETTE BLOCK", "116,8": "ROULETTE BLOCK", "73,8": "ROULETTE BLOCK", "86,5": "ROULETTE BLOCK", "187,5": "ROULETTE BLOCK", "70,25": "ROULETTE BLOCK", "146,26": "ROULETTE BLOCK", "50,12": "ROULETTE BLOCK", "58,20": "ROULETTE BLOCK", "121,22": "ROULETTE BLOCK", "93,20": "ROULETTE BLOCK", "163,19": "ROULETTE BLOCK", "78,17": "ROULETTE BLOCK", "101,15": "ROULETTE BLOCK", "185,14": "ROULETTE BLOCK", "166,11": "ROULETTE BLOCK", "129,10": "ROULETTE BLOCK", "137,5": "ROULETTE BLOCK", "153,5": "ROULETTE BLOCK", "96,26": "ROULETTE BLOCK", "124,24": "ROULETTE BLOCK", "75,23": "ROULETTE BLOCK", "55,14": "ROULETTE BLOCK", "188,20": "ROULETTE BLOCK", "143,20": "ROULETTE BLOCK", "78,19": "ROULETTE BLOCK", "163,17": "ROULETTE BLOCK", "104,13": "ROULETTE BLOCK", "180,12": "ROULETTE BLOCK", "160,25": "ROULETTE BLOCK", "56,26": "ROULETTE BLOCK", "31,22": "ROULETTE BLOCK", "107,21": "ROULETTE BLOCK", "183,20": "ROULETTE BLOCK", "148,20": "ROULETTE BLOCK", "73,19": "ROULETTE BLOCK", "168,17": "ROULETTE BLOCK", "127,16": "ROULETTE BLOCK", "95,14": "ROULETTE BLOCK", "140,12": "ROULETTE BLOCK", "76,11": "ROULETTE BLOCK", "172,6": "ROULETTE BLOCK", "116,6": "ROULETTE BLOCK", "73,6": "ROULETTE BLOCK", "51,25": "ROULETTE BLOCK", "167,26": "ROULETTE BLOCK", "184,23": "ROULETTE BLOCK", "36,21": "ROULETTE BLOCK", "59,17": "ROULETTE BLOCK", "100,22": "ROULETTE BLOCK", "79,20": "ROULETTE BLOCK", "142,19": "ROULETTE BLOCK", "189,19": "ROULETTE BLOCK", "92,17": "ROULETTE BLOCK", "120,15": "ROULETTE BLOCK", "71,12": "ROULETTE BLOCK", "147,11": "ROULETTE BLOCK", "108,10": "ROULETTE BLOCK", "92,8": "ROULETTE BLOCK", "67,5": "ROULETTE BLOCK", "102,5": "ROULETTE BLOCK", "166,5": "ROULETTE BLOCK", "91,25": "ROULETTE BLOCK", "144,23": "ROULETTE BLOCK", "52,17": "ROULETTE BLOCK", "72,20": "ROULETTE BLOCK", "149,19": "ROULETTE BLOCK", "182,19": "ROULETTE BLOCK", "106,18": "ROULETTE BLOCK", "99,17": "ROULETTE BLOCK", "164,14": "ROULETTE BLOCK", "187,11": "ROULETTE BLOCK", "103,10": "ROULETTE BLOCK", "147,8": "ROULETTE BLOCK", "123,8": "ROULETTE BLOCK", "112,24": "ROULETTE BLOCK", "43,23": "ROULETTE BLOCK", "88,23": "ROULETTE BLOCK", "175,20": "ROULETTE BLOCK", "85,19": "ROULETTE BLOCK", "155,17": "ROULETTE BLOCK", "63,14": "ROULETTE BLOCK", "132,13": "ROULETTE BLOCK", "80,11": "ROULETTE BLOCK", "118,8": "ROULETTE BLOCK", "88,5": "ROULETTE BLOCK", "125,5": "ROULETTE BLOCK", "141,5": "ROULETTE BLOCK", "189,5": "ROULETTE BLOCK", "156,25": "ROULETTE BLOCK", "60,26": "ROULETTE BLOCK", "119,24": "ROULETTE BLOCK", "48,23": "ROULETTE BLOCK", "83,23": "ROULETTE BLOCK", "45,19": "ROULETTE BLOCK", "131,21": "ROULETTE BLOCK", "111,16": "ROULETTE BLOCK", "68,14": "ROULETTE BLOCK", "139,13": "ROULETTE BLOCK", "176,12": "ROULETTE BLOCK", "160,8": "ROULETTE BLOCK", "104,8": "ROULETTE BLOCK", "61,8": "ROULETTE BLOCK", "94,5": "ROULETTE BLOCK", "139,5": "ROULETTE BLOCK", "67,25": "ROULETTE BLOCK", "151,26": "ROULETTE BLOCK", "28,24": "ROULETTE BLOCK", "179,23": "ROULETTE BLOCK", "136,22": "ROULETTE BLOCK", "84,20": "ROULETTE BLOCK", "174,19": "ROULETTE BLOCK", "116,15": "ROULETTE BLOCK", "159,14": "ROULETTE BLOCK", "171,11": "ROULETTE BLOCK", "181,6": "ROULETTE BLOCK", "149,6": "ROULETTE BLOCK", "80,6": "ROULETTE BLOCK", "172,23": "ROULETTE BLOCK", "44,20": "ROULETTE BLOCK", "130,18": "ROULETTE BLOCK", "64,17": "ROULETTE BLOCK", "152,14": "ROULETTE BLOCK", "87,12": "ROULETTE BLOCK", "135,10": "ROULETTE BLOCK", "155,6": "ROULETTE BLOCK", "131,6": "ROULETTE BLOCK", "177,25": "ROULETTE BLOCK", "41,26": "ROULETTE BLOCK", "138,24": "ROULETTE BLOCK", "69,23": "ROULETTE BLOCK", "49,14": "ROULETTE BLOCK", "110,21": "ROULETTE BLOCK", "64,19": "ROULETTE BLOCK", "130,16": "ROULETTE BLOCK", "82,14": "ROULETTE BLOCK", "118,13": "ROULETTE BLOCK", "157,12": "ROULETTE BLOCK", "61,11": "ROULETTE BLOCK", "155,8": "ROULETTE BLOCK", "131,8": "ROULETTE BLOCK", "69,5": "ROULETTE BLOCK", "168,5": "ROULETTE BLOCK", "81,26": "ROULETTE BLOCK", "133,24": "ROULETTE BLOCK", "62,23": "ROULETTE BLOCK", "154,20": "ROULETTE BLOCK", "174,17": "ROULETTE BLOCK", "89,14": "ROULETTE BLOCK", "113,13": "ROULETTE BLOCK", "181,8": "ROULETTE BLOCK", "149,8": "ROULETTE BLOCK", "80,8": "ROULETTE BLOCK", "75,5": "ROULETTE BLOCK", "110,5": "ROULETTE BLOCK", "174,5": "ROULETTE BLOCK", "86,25": "ROULETTE BLOCK", "153,23": "ROULETTE BLOCK", "45,17": "ROULETTE BLOCK", "65,20": "ROULETTE BLOCK", "111,18": "ROULETTE BLOCK", "173,14": "ROULETTE BLOCK", "114,10": "ROULETTE BLOCK", "160,6": "ROULETTE BLOCK", "104,6": "ROULETTE BLOCK", "46,25": "ROULETTE BLOCK", "170,26": "ROULETTE BLOCK", "158,23": "ROULETTE BLOCK", "117,22": "ROULETTE BLOCK", "155,19": "ROULETTE BLOCK", "85,17": "ROULETTE BLOCK", "137,15": "ROULETTE BLOCK", "178,14": "ROULETTE BLOCK", "66,12": "ROULETTE BLOCK", "150,11": "ROULETTE BLOCK", "118,6": "ROULETTE BLOCK", "131,25": "ROULETTE BLOCK", "60,22": "ROULETTE BLOCK", "156,21": "ROULETTE BLOCK", "119,20": "ROULETTE BLOCK", "139,17": "ROULETTE BLOCK", "176,16": "ROULETTE BLOCK", "111,12": "ROULETTE BLOCK", "68,10": "ROULETTE BLOCK", "68,9": "ROULETTE BLOCK", "169,9": "ROULETTE BLOCK", "154,4": "ROULETTE BLOCK", "130,4": "ROULETTE BLOCK", "175,24": "ROULETTE BLOCK", "112,20": "ROULETTE BLOCK", "66,18": "ROULETTE BLOCK", "132,17": "ROULETTE BLOCK", "80,15": "ROULETTE BLOCK", "155,13": "ROULETTE BLOCK", "63,10": "ROULETTE BLOCK", "74,9": "ROULETTE BLOCK", "111,9": "ROULETTE BLOCK", "175,9": "ROULETTE BLOCK", "180,4": "ROULETTE BLOCK", "148,4": "ROULETTE BLOCK", "81,4": "ROULETTE BLOCK", "44,24": "ROULETTE BLOCK", "115,23": "ROULETTE BLOCK", "118,19": "ROULETTE BLOCK", "157,18": "ROULETTE BLOCK", "87,16": "ROULETTE BLOCK", "135,14": "ROULETTE BLOCK", "64,13": "ROULETTE BLOCK", "152,10": "ROULETTE BLOCK", "95,7": "ROULETTE BLOCK", "138,7": "ROULETTE BLOCK", "136,26": "ROULETTE BLOCK", "84,24": "ROULETTE BLOCK", "47,16": "ROULETTE BLOCK", "151,22": "ROULETTE BLOCK", "67,21": "ROULETTE BLOCK", "113,19": "ROULETTE BLOCK", "171,15": "ROULETTE BLOCK", "116,11": "ROULETTE BLOCK", "159,10": "ROULETTE BLOCK", "89,7": "ROULETTE BLOCK", "124,7": "ROULETTE BLOCK", "140,7": "ROULETTE BLOCK", "188,7": "ROULETTE BLOCK", "154,24": "ROULETTE BLOCK", "47,18": "ROULETTE BLOCK", "81,22": "ROULETTE BLOCK", "133,20": "ROULETTE BLOCK", "113,17": "ROULETTE BLOCK", "174,13": "ROULETTE BLOCK", "89,10": "ROULETTE BLOCK", "89,9": "ROULETTE BLOCK", "124,9": "ROULETTE BLOCK", "140,9": "ROULETTE BLOCK", "188,9": "ROULETTE BLOCK", "119,4": "ROULETTE BLOCK", "110,25": "ROULETTE BLOCK", "26,26": "ROULETTE BLOCK", "41,22": "ROULETTE BLOCK", "177,21": "ROULETTE BLOCK", "138,20": "ROULETTE BLOCK", "87,18": "ROULETTE BLOCK", "118,17": "ROULETTE BLOCK", "157,16": "ROULETTE BLOCK", "61,15": "ROULETTE BLOCK", "130,12": "ROULETTE BLOCK", "82,10": "ROULETTE BLOCK", "95,9": "ROULETTE BLOCK", "138,9": "ROULETTE BLOCK", "161,4": "ROULETTE BLOCK", "105,4": "ROULETTE BLOCK", "117,26": "ROULETTE BLOCK", "46,21": "ROULETTE BLOCK", "170,22": "ROULETTE BLOCK", "132,19": "ROULETTE BLOCK", "66,16": "ROULETTE BLOCK", "150,15": "ROULETTE BLOCK", "85,13": "ROULETTE BLOCK", "137,11": "ROULETTE BLOCK", "178,10": "ROULETTE BLOCK", "74,7": "ROULETTE BLOCK", "111,7": "ROULETTE BLOCK", "175,7": "ROULETTE BLOCK", "65,24": "ROULETTE BLOCK", "134,23": "ROULETTE BLOCK", "86,21": "ROULETTE BLOCK", "139,19": "ROULETTE BLOCK", "176,18": "ROULETTE BLOCK", "114,14": "ROULETTE BLOCK", "173,10": "ROULETTE BLOCK", "68,7": "ROULETTE BLOCK", "169,7": "ROULETTE BLOCK", "162,24": "ROULETTE BLOCK", "33,23": "ROULETTE BLOCK", "181,21": "ROULETTE BLOCK", "105,20": "ROULETTE BLOCK", "71,18": "ROULETTE BLOCK", "125,17": "ROULETTE BLOCK", "97,15": "ROULETTE BLOCK", "142,13": "ROULETTE BLOCK", "189,13": "ROULETTE BLOCK", "74,10": "ROULETTE BLOCK", "136,7": "ROULETTE BLOCK", "152,7": "ROULETTE BLOCK", "126,25": "ROULETTE BLOCK", "169,24": "ROULETTE BLOCK", "38,23": "ROULETTE BLOCK", "57,15": "ROULETTE BLOCK", "77,22": "ROULETTE BLOCK", "141,21": "ROULETTE BLOCK", "161,16": "ROULETTE BLOCK", "149,13": "ROULETTE BLOCK", "182,13": "ROULETTE BLOCK", "106,12": "ROULETTE BLOCK", "87,7": "ROULETTE BLOCK", "186,7": "ROULETTE BLOCK", "121,26": "ROULETTE BLOCK", "58,24": "ROULETTE BLOCK", "93,24": "ROULETTE BLOCK", "109,23": "ROULETTE BLOCK", "50,16": "ROULETTE BLOCK", "146,22": "ROULETTE BLOCK", "70,21": "ROULETTE BLOCK", "104,19": "ROULETTE BLOCK", "180,18": "ROULETTE BLOCK", "166,15": "ROULETTE BLOCK", "129,14": "ROULETTE BLOCK", "78,13": "ROULETTE BLOCK", "101,11": "ROULETTE BLOCK", "185,10": "ROULETTE BLOCK", "66,9": "ROULETTE BLOCK", "103,9": "ROULETTE BLOCK", "167,9": "ROULETTE BLOCK", "93,4": "ROULETTE BLOCK", "53,24": "ROULETTE BLOCK", "98,24": "ROULETTE BLOCK", "102,23": "ROULETTE BLOCK", "34,20": "ROULETTE BLOCK", "186,22": "ROULETTE BLOCK", "140,18": "ROULETTE BLOCK", "90,16": "ROULETTE BLOCK", "122,14": "ROULETTE BLOCK", "73,13": "ROULETTE BLOCK", "145,10": "ROULETTE BLOCK", "146,4": "ROULETTE BLOCK", "122,4": "ROULETTE BLOCK", "107,25": "ROULETTE BLOCK", "31,26": "ROULETTE BLOCK", "148,24": "ROULETTE BLOCK", "183,24": "ROULETTE BLOCK", "56,22": "ROULETTE BLOCK", "160,21": "ROULETTE BLOCK", "90,18": "ROULETTE BLOCK", "140,16": "ROULETTE BLOCK", "76,15": "ROULETTE BLOCK", "168,13": "ROULETTE BLOCK", "127,12": "ROULETTE BLOCK", "95,10": "ROULETTE BLOCK", "143,24": "ROULETTE BLOCK", "188,24": "ROULETTE BLOCK", "50,18": "ROULETTE BLOCK", "55,10": "ROULETTE BLOCK", "96,22": "ROULETTE BLOCK", "124,20": "ROULETTE BLOCK", "104,17": "ROULETTE BLOCK", "180,16": "ROULETTE BLOCK", "163,13": "ROULETTE BLOCK", "66,7": "ROULETTE BLOCK", "103,7": "ROULETTE BLOCK", "167,7": "ROULETTE BLOCK", "72,24": "ROULETTE BLOCK", "123,23": "ROULETTE BLOCK", "52,13": "ROULETTE BLOCK", "91,21": "ROULETTE BLOCK", "161,18": "ROULETTE BLOCK", "187,15": "ROULETTE BLOCK", "103,14": "ROULETTE BLOCK", "99,13": "ROULETTE BLOCK", "164,10": "ROULETTE BLOCK", "87,9": "ROULETTE BLOCK", "186,9": "ROULETTE BLOCK", "173,4": "ROULETTE BLOCK", "117,4": "ROULETTE BLOCK", "72,4": "ROULETTE BLOCK", "36,25": "ROULETTE BLOCK", "100,26": "ROULETTE BLOCK", "79,24": "ROULETTE BLOCK", "128,23": "ROULETTE BLOCK", "51,21": "ROULETTE BLOCK", "59,13": "ROULETTE BLOCK", "167,22": "ROULETTE BLOCK", "125,19": "ROULETTE BLOCK", "71,16": "ROULETTE BLOCK", "147,15": "ROULETTE BLOCK", "108,14": "ROULETTE BLOCK", "92,13": "ROULETTE BLOCK", "120,11": "ROULETTE BLOCK", "136,9": "ROULETTE BLOCK", "152,9": "ROULETTE BLOCK", "138,26": "ROULETTE BLOCK", "41,24": "ROULETTE BLOCK", "110,23": "ROULETTE BLOCK", "49,16": "ROULETTE BLOCK", "69,21": "ROULETTE BLOCK", "152,18": "ROULETTE BLOCK", "82,16": "ROULETTE BLOCK", "130,14": "ROULETTE BLOCK", "61,13": "ROULETTE BLOCK", "118,11": "ROULETTE BLOCK", "157,10": "ROULETTE BLOCK", "69,7": "ROULETTE BLOCK", "168,7": "ROULETTE BLOCK", "133,26": "ROULETTE BLOCK", "81,24": "ROULETTE BLOCK", "42,16": "ROULETTE BLOCK", "154,22": "ROULETTE BLOCK", "62,21": "ROULETTE BLOCK", "116,19": "ROULETTE BLOCK", "159,18": "ROULETTE BLOCK", "89,16": "ROULETTE BLOCK", "174,15": "ROULETTE BLOCK", "113,11": "ROULETTE BLOCK", "75,7": "ROULETTE BLOCK", "110,7": "ROULETTE BLOCK", "174,7": "ROULETTE BLOCK", "134,25": "ROULETTE BLOCK", "45,15": "ROULETTE BLOCK", "65,22": "ROULETTE BLOCK", "153,21": "ROULETTE BLOCK", "68,18": "ROULETTE BLOCK", "173,16": "ROULETTE BLOCK", "114,12": "ROULETTE BLOCK", "94,9": "ROULETTE BLOCK", "139,9": "ROULETTE BLOCK", "160,4": "ROULETTE BLOCK", "104,4": "ROULETTE BLOCK", "170,24": "ROULETTE BLOCK", "158,21": "ROULETTE BLOCK", "117,20": "ROULETTE BLOCK", "63,18": "ROULETTE BLOCK", "137,17": "ROULETTE BLOCK", "178,16": "ROULETTE BLOCK", "85,15": "ROULETTE BLOCK", "150,13": "ROULETTE BLOCK", "66,10": "ROULETTE BLOCK", "88,9": "ROULETTE BLOCK", "125,9": "ROULETTE BLOCK", "141,9": "ROULETTE BLOCK", "189,9": "ROULETTE BLOCK", "118,4": "ROULETTE BLOCK", "24,25": "ROULETTE BLOCK", "112,26": "ROULETTE BLOCK", "43,21": "ROULETTE BLOCK", "175,22": "ROULETTE BLOCK", "88,21": "ROULETTE BLOCK", "137,19": "ROULETTE BLOCK", "178,18": "ROULETTE BLOCK", "63,16": "ROULETTE BLOCK", "155,15": "ROULETTE BLOCK", "80,13": "ROULETTE BLOCK", "132,11": "ROULETTE BLOCK", "88,7": "ROULETTE BLOCK", "125,7": "ROULETTE BLOCK", "141,7": "ROULETTE BLOCK", "189,7": "ROULETTE BLOCK", "119,26": "ROULETTE BLOCK", "60,24": "ROULETTE BLOCK", "131,23": "ROULETTE BLOCK", "48,21": "ROULETTE BLOCK", "83,21": "ROULETTE BLOCK", "173,18": "ROULETTE BLOCK", "68,16": "ROULETTE BLOCK", "111,14": "ROULETTE BLOCK", "139,11": "ROULETTE BLOCK", "176,10": "ROULETTE BLOCK", "94,7": "ROULETTE BLOCK", "139,7": "ROULETTE BLOCK", "28,26": "ROULETTE BLOCK", "151,24": "ROULETTE BLOCK", "42,18": "ROULETTE BLOCK", "84,22": "ROULETTE BLOCK", "179,21": "ROULETTE BLOCK", "136,20": "ROULETTE BLOCK", "89,18": "ROULETTE BLOCK", "116,17": "ROULETTE BLOCK", "159,16": "ROULETTE BLOCK", "171,13": "ROULETTE BLOCK", "75,9": "ROULETTE BLOCK", "110,9": "ROULETTE BLOCK", "174,9": "ROULETTE BLOCK", "181,4": "ROULETTE BLOCK", "149,4": "ROULETTE BLOCK", "80,4": "ROULETTE BLOCK", "115,25": "ROULETTE BLOCK", "44,22": "ROULETTE BLOCK", "49,18": "ROULETTE BLOCK", "172,21": "ROULETTE BLOCK", "82,18": "ROULETTE BLOCK", "152,16": "ROULETTE BLOCK", "64,15": "ROULETTE BLOCK", "135,12": "ROULETTE BLOCK", "87,10": "ROULETTE BLOCK", "69,9": "ROULETTE BLOCK", "168,9": "ROULETTE BLOCK", "155,4": "ROULETTE BLOCK", "131,4": "ROULETTE BLOCK", "124,26": "ROULETTE BLOCK", "96,24": "ROULETTE BLOCK", "55,16": "ROULETTE BLOCK", "143,22": "ROULETTE BLOCK", "188,22": "ROULETTE BLOCK", "75,21": "ROULETTE BLOCK", "101,19": "ROULETTE BLOCK", "185,18": "ROULETTE BLOCK", "163,15": "ROULETTE BLOCK", "104,11": "ROULETTE BLOCK", "180,10": "ROULETTE BLOCK", "137,9": "ROULETTE BLOCK", "153,9": "ROULETTE BLOCK", "56,24": "ROULETTE BLOCK", "107,23": "ROULETTE BLOCK", "148,22": "ROULETTE BLOCK", "183,22": "ROULETTE BLOCK", "145,18": "ROULETTE BLOCK", "95,16": "ROULETTE BLOCK", "168,15": "ROULETTE BLOCK", "127,14": "ROULETTE BLOCK", "76,13": "ROULETTE BLOCK", "140,10": "ROULETTE BLOCK", "86,9": "ROULETTE BLOCK", "187,9": "ROULETTE BLOCK", "172,4": "ROULETTE BLOCK", "116,4": "ROULETTE BLOCK", "73,4": "ROULETTE BLOCK", "128,25": "ROULETTE BLOCK", "167,24": "ROULETTE BLOCK", "36,23": "ROULETTE BLOCK", "59,15": "ROULETTE BLOCK", "79,22": "ROULETTE BLOCK", "184,21": "ROULETTE BLOCK", "100,20": "ROULETTE BLOCK", "74,18": "ROULETTE BLOCK", "120,17": "ROULETTE BLOCK", "92,15": "ROULETTE BLOCK", "147,13": "ROULETTE BLOCK", "108,12": "ROULETTE BLOCK", "71,10": "ROULETTE BLOCK", "67,7": "ROULETTE BLOCK", "102,7": "ROULETTE BLOCK", "166,7": "ROULETTE BLOCK", "123,25": "ROULETTE BLOCK", "52,15": "ROULETTE BLOCK", "72,22": "ROULETTE BLOCK", "144,21": "ROULETTE BLOCK", "164,16": "ROULETTE BLOCK", "99,15": "ROULETTE BLOCK", "187,13": "ROULETTE BLOCK", "103,12": "ROULETTE BLOCK", "38,25": "ROULETTE BLOCK", "77,24": "ROULETTE BLOCK", "126,23": "ROULETTE BLOCK", "57,13": "ROULETTE BLOCK", "169,22": "ROULETTE BLOCK", "94,21": "ROULETTE BLOCK", "164,18": "ROULETTE BLOCK", "149,15": "ROULETTE BLOCK", "182,15": "ROULETTE BLOCK", "106,14": "ROULETTE BLOCK", "161,10": "ROULETTE BLOCK", "147,4": "ROULETTE BLOCK", "123,4": "ROULETTE BLOCK", "33,25": "ROULETTE BLOCK", "105,26": "ROULETTE BLOCK", "54,21": "ROULETTE BLOCK", "162,22": "ROULETTE BLOCK", "120,19": "ROULETTE BLOCK", "74,16": "ROULETTE BLOCK", "142,15": "ROULETTE BLOCK", "189,15": "ROULETTE BLOCK", "97,13": "ROULETTE BLOCK", "125,11": "ROULETTE BLOCK", "67,9": "ROULETTE BLOCK", "102,9": "ROULETTE BLOCK", "166,9": "ROULETTE BLOCK", "92,4": "ROULETTE BLOCK", "102,25": "ROULETTE BLOCK", "34,26": "ROULETTE BLOCK", "186,24": "ROULETTE BLOCK", "53,22": "ROULETTE BLOCK", "98,22": "ROULETTE BLOCK", "165,21": "ROULETTE BLOCK", "95,18": "ROULETTE BLOCK", "145,16": "ROULETTE BLOCK", "73,15": "ROULETTE BLOCK", "122,12": "ROULETTE BLOCK", "90,10": "ROULETTE BLOCK", "86,7": "ROULETTE BLOCK", "187,7": "ROULETTE BLOCK", "109,25": "ROULETTE BLOCK", "146,24": "ROULETTE BLOCK", "55,18": "ROULETTE BLOCK", "58,22": "ROULETTE BLOCK", "93,22": "ROULETTE BLOCK", "121,20": "ROULETTE BLOCK", "101,17": "ROULETTE BLOCK", "185,16": "ROULETTE BLOCK", "78,15": "ROULETTE BLOCK", "166,13": "ROULETTE BLOCK", "129,12": "ROULETTE BLOCK", "137,7": "ROULETTE BLOCK", "153,7": "ROULETTE BLOCK", "183,26": "ROULETTE BLOCK", "148,26": "ROULETTE BLOCK", "31,24": "ROULETTE BLOCK", "160,23": "ROULETTE BLOCK", "56,20": "ROULETTE BLOCK", "122,18": "ROULETTE BLOCK", "76,17": "ROULETTE BLOCK", "140,14": "ROULETTE BLOCK", "95,12": "ROULETTE BLOCK", "168,11": "ROULETTE BLOCK", "127,10": "ROULETTE BLOCK", "146,8": "ROULETTE BLOCK", "122,8": "ROULETTE BLOCK", "75,25": "ROULETTE BLOCK", "188,26": "ROULETTE BLOCK", "143,26": "ROULETTE BLOCK", "55,12": "ROULETTE BLOCK", "124,22": "ROULETTE BLOCK", "96,20": "ROULETTE BLOCK", "166,19": "ROULETTE BLOCK", "129,18": "ROULETTE BLOCK", "104,15": "ROULETTE BLOCK", "180,14": "ROULETTE BLOCK", "163,11": "ROULETTE BLOCK", "93,8": "ROULETTE BLOCK", "66,5": "ROULETTE BLOCK", "103,5": "ROULETTE BLOCK", "167,5": "ROULETTE BLOCK", "144,25": "ROULETTE BLOCK", "72,26": "ROULETTE BLOCK", "91,23": "ROULETTE BLOCK", "52,11": "ROULETTE BLOCK", "57,19": "ROULETTE BLOCK", "123,21": "ROULETTE BLOCK", "187,17": "ROULETTE BLOCK", "103,16": "ROULETTE BLOCK", "164,12": "ROULETTE BLOCK", "99,11": "ROULETTE BLOCK", "173,6": "ROULETTE BLOCK", "117,6": "ROULETTE BLOCK", "72,6": "ROULETTE BLOCK", "184,25": "ROULETTE BLOCK", "79,26": "ROULETTE BLOCK", "100,24": "ROULETTE BLOCK", "51,23": "ROULETTE BLOCK", "59,11": "ROULETTE BLOCK", "128,21": "ROULETTE BLOCK", "167,20": "ROULETTE BLOCK", "97,19": "ROULETTE BLOCK", "147,17": "ROULETTE BLOCK", "108,16": "ROULETTE BLOCK", "71,14": "ROULETTE BLOCK", "120,13": "ROULETTE BLOCK", "92,11": "ROULETTE BLOCK", "54,25": "ROULETTE BLOCK", "162,26": "ROULETTE BLOCK", "181,23": "ROULETTE BLOCK", "33,21": "ROULETTE BLOCK", "105,22": "ROULETTE BLOCK", "147,19": "ROULETTE BLOCK", "108,18": "ROULETTE BLOCK", "97,17": "ROULETTE BLOCK", "125,15": "ROULETTE BLOCK", "74,12": "ROULETTE BLOCK", "142,11": "ROULETTE BLOCK", "189,11": "ROULETTE BLOCK", "136,5": "ROULETTE BLOCK", "152,5": "ROULETTE BLOCK", "94,25": "ROULETTE BLOCK", "169,26": "ROULETTE BLOCK", "141,23": "ROULETTE BLOCK", "38,21": "ROULETTE BLOCK", "57,17": "ROULETTE BLOCK", "77,20": "ROULETTE BLOCK", "187,19": "ROULETTE BLOCK", "103,18": "ROULETTE BLOCK", "161,14": "ROULETTE BLOCK", "149,11": "ROULETTE BLOCK", "182,11": "ROULETTE BLOCK", "106,10": "ROULETTE BLOCK", "173,8": "ROULETTE BLOCK", "117,8": "ROULETTE BLOCK", "72,8": "ROULETTE BLOCK", "87,5": "ROULETTE BLOCK", "186,5": "ROULETTE BLOCK", "58,26": "ROULETTE BLOCK", "93,26": "ROULETTE BLOCK", "121,24": "ROULETTE BLOCK", "70,23": "ROULETTE BLOCK", "50,14": "ROULETTE BLOCK", "109,21": "ROULETTE BLOCK", "146,20": "ROULETTE BLOCK", "166,17": "ROULETTE BLOCK", "129,16": "ROULETTE BLOCK", "101,13": "ROULETTE BLOCK", "185,12": "ROULETTE BLOCK", "78,11": "ROULETTE BLOCK", "93,6": "ROULETTE BLOCK", "165,25": "ROULETTE BLOCK", "53,26": "ROULETTE BLOCK", "98,26": "ROULETTE BLOCK", "34,22": "ROULETTE BLOCK", "39,18": "ROULETTE BLOCK", "102,21": "ROULETTE BLOCK", "186,20": "ROULETTE BLOCK", "76,19": "ROULETTE BLOCK", "122,16": "ROULETTE BLOCK", "90,14": "ROULETTE BLOCK", "145,12": "ROULETTE BLOCK", "73,11": "ROULETTE BLOCK", "146,6": "ROULETTE BLOCK", "122,6": "ROULETTE BLOCK", "62,25": "ROULETTE BLOCK", "154,26": "ROULETTE BLOCK", "133,22": "ROULETTE BLOCK", "81,20": "ROULETTE BLOCK", "171,19": "ROULETTE BLOCK", "113,15": "ROULETTE BLOCK", "89,12": "ROULETTE BLOCK", "174,11": "ROULETTE BLOCK", "119,6": "ROULETTE BLOCK", "69,25": "ROULETTE BLOCK", "26,24": "ROULETTE BLOCK", "177,23": "ROULETTE BLOCK", "41,20": "ROULETTE BLOCK", "138,22": "ROULETTE BLOCK", "135,18": "ROULETTE BLOCK", "61,17": "ROULETTE BLOCK", "118,15": "ROULETTE BLOCK", "157,14": "ROULETTE BLOCK", "82,12": "ROULETTE BLOCK", "130,10": "ROULETTE BLOCK", "161,6": "ROULETTE BLOCK", "105,6": "ROULETTE BLOCK", "158,25": "ROULETTE BLOCK", "117,24": "ROULETTE BLOCK", "46,23": "ROULETTE BLOCK", "170,20": "ROULETTE BLOCK", "80,19": "ROULETTE BLOCK", "150,17": "ROULETTE BLOCK", "66,14": "ROULETTE BLOCK", "137,13": "ROULETTE BLOCK", "178,12": "ROULETTE BLOCK", "85,11": "ROULETTE BLOCK", "180,8": "ROULETTE BLOCK", "148,8": "ROULETTE BLOCK", "81,8": "ROULETTE BLOCK", "74,5": "ROULETTE BLOCK", "111,5": "ROULETTE BLOCK", "175,5": "ROULETTE BLOCK", "153,25": "ROULETTE BLOCK", "65,26": "ROULETTE BLOCK", "86,23": "ROULETTE BLOCK", "40,19": "ROULETTE BLOCK", "134,21": "ROULETTE BLOCK", "114,16": "ROULETTE BLOCK", "173,12": "ROULETTE BLOCK", "154,8": "ROULETTE BLOCK", "130,8": "ROULETTE BLOCK", "68,5": "ROULETTE BLOCK", "169,5": "ROULETTE BLOCK", "48,25": "ROULETTE BLOCK", "83,25": "ROULETTE BLOCK", "156,23": "ROULETTE BLOCK", "40,17": "ROULETTE BLOCK", "119,22": "ROULETTE BLOCK", "60,20": "ROULETTE BLOCK", "114,18": "ROULETTE BLOCK", "139,15": "ROULETTE BLOCK", "176,14": "ROULETTE BLOCK", "68,12": "ROULETTE BLOCK", "111,10": "ROULETTE BLOCK", "154,6": "ROULETTE BLOCK", "130,6": "ROULETTE BLOCK", "43,25": "ROULETTE BLOCK", "88,25": "ROULETTE BLOCK", "175,26": "ROULETTE BLOCK", "112,22": "ROULETTE BLOCK", "150,19": "ROULETTE BLOCK", "80,17": "ROULETTE BLOCK", "132,15": "ROULETTE BLOCK", "63,12": "ROULETTE BLOCK", "155,11": "ROULETTE BLOCK", "180,6": "ROULETTE BLOCK", "148,6": "ROULETTE BLOCK", "81,6": "ROULETTE BLOCK", "172,25": "ROULETTE BLOCK", "44,26": "ROULETTE BLOCK", "115,21": "ROULETTE BLOCK", "61,19": "ROULETTE BLOCK", "135,16": "ROULETTE BLOCK", "87,14": "ROULETTE BLOCK", "152,12": "ROULETTE BLOCK", "64,11": "ROULETTE BLOCK", "161,8": "ROULETTE BLOCK", "105,8": "ROULETTE BLOCK", "60,8": "ROULETTE BLOCK", "95,5": "ROULETTE BLOCK", "138,5": "ROULETTE BLOCK", "179,25": "ROULETTE BLOCK", "84,26": "ROULETTE BLOCK", "136,24": "ROULETTE BLOCK", "67,23": "ROULETTE BLOCK", "47,14": "ROULETTE BLOCK", "151,20": "ROULETTE BLOCK", "171,17": "ROULETTE BLOCK", "116,13": "ROULETTE BLOCK", "159,12": "ROULETTE BLOCK", "119,8": "ROULETTE BLOCK", "89,5": "ROULETTE BLOCK", "124,5": "ROULETTE BLOCK", "140,5": "ROULETTE BLOCK", "188,5": "ROULETTE BLOCK", "118,26": "ROULETTE BLOCK", "61,24": "ROULETTE BLOCK", "130,23": "ROULETTE BLOCK", "49,21": "ROULETTE BLOCK", "82,21": "ROULETTE BLOCK", "172,18": "ROULETTE BLOCK", "69,16": "ROULETTE BLOCK", "110,14": "ROULETTE BLOCK", "138,11": "ROULETTE BLOCK", "177,10": "ROULETTE BLOCK", "84,7": "ROULETTE BLOCK", "129,7": "ROULETTE BLOCK", "185,7": "ROULETTE BLOCK", "25,25": "ROULETTE BLOCK", "113,26": "ROULETTE BLOCK", "42,21": "ROULETTE BLOCK", "174,22": "ROULETTE BLOCK", "89,21": "ROULETTE BLOCK", "136,19": "ROULETTE BLOCK", "179,18": "ROULETTE BLOCK", "62,16": "ROULETTE BLOCK", "154,15": "ROULETTE BLOCK", "81,13": "ROULETTE BLOCK", "133,11": "ROULETTE BLOCK", "98,7": "ROULETTE BLOCK", "135,7": "ROULETTE BLOCK", "151,7": "ROULETTE BLOCK", "114,25": "ROULETTE BLOCK", "45,22": "ROULETTE BLOCK", "48,18": "ROULETTE BLOCK", "173,21": "ROULETTE BLOCK", "83,18": "ROULETTE BLOCK", "153,16": "ROULETTE BLOCK", "65,15": "ROULETTE BLOCK", "134,12": "ROULETTE BLOCK", "86,10": "ROULETTE BLOCK", "79,9": "ROULETTE BLOCK", "178,9": "ROULETTE BLOCK", "145,4": "ROULETTE BLOCK", "121,4": "ROULETTE BLOCK", "29,26": "ROULETTE BLOCK", "150,24": "ROULETTE BLOCK", "43,18": "ROULETTE BLOCK", "85,22": "ROULETTE BLOCK", "178,21": "ROULETTE BLOCK", "137,20": "ROULETTE BLOCK", "88,18": "ROULETTE BLOCK", "117,17": "ROULETTE BLOCK", "158,16": "ROULETTE BLOCK", "170,13": "ROULETTE BLOCK", "65,9": "ROULETTE BLOCK", "100,9": "ROULETTE BLOCK", "164,9": "ROULETTE BLOCK", "159,4": "ROULETTE BLOCK", "90,4": "ROULETTE BLOCK", "132,26": "ROULETTE BLOCK", "80,24": "ROULETTE BLOCK", "43,16": "ROULETTE BLOCK", "155,22": "ROULETTE BLOCK", "63,21": "ROULETTE BLOCK", "117,19": "ROULETTE BLOCK", "158,18": "ROULETTE BLOCK", "88,16": "ROULETTE BLOCK", "175,15": "ROULETTE BLOCK", "112,11": "ROULETTE BLOCK", "65,7": "ROULETTE BLOCK", "100,7": "ROULETTE BLOCK", "164,7": "ROULETTE BLOCK", "139,26": "ROULETTE BLOCK", "40,24": "ROULETTE BLOCK", "111,23": "ROULETTE BLOCK", "48,16": "ROULETTE BLOCK", "68,21": "ROULETTE BLOCK", "153,18": "ROULETTE BLOCK", "83,16": "ROULETTE BLOCK", "131,14": "ROULETTE BLOCK", "60,13": "ROULETTE BLOCK", "119,11": "ROULETTE BLOCK", "156,10": "ROULETTE BLOCK", "79,7": "ROULETTE BLOCK", "178,7": "ROULETTE BLOCK", "171,24": "ROULETTE BLOCK", "159,21": "ROULETTE BLOCK", "116,20": "ROULETTE BLOCK", "62,18": "ROULETTE BLOCK", "136,17": "ROULETTE BLOCK", "179,16": "ROULETTE BLOCK", "84,15": "ROULETTE BLOCK", "151,13": "ROULETTE BLOCK", "67,10": "ROULETTE BLOCK", "98,9": "ROULETTE BLOCK", "135,9": "ROULETTE BLOCK", "151,9": "ROULETTE BLOCK", "108,4": "ROULETTE BLOCK", "135,25": "ROULETTE BLOCK", "44,15": "ROULETTE BLOCK", "64,22": "ROULETTE BLOCK", "152,21": "ROULETTE BLOCK", "69,18": "ROULETTE BLOCK", "172,16": "ROULETTE BLOCK", "115,12": "ROULETTE BLOCK", "84,9": "ROULETTE BLOCK", "129,9": "ROULETTE BLOCK", "185,9": "ROULETTE BLOCK", "170,4": "ROULETTE BLOCK", "114,4": "ROULETTE BLOCK", "71,4": "ROULETTE BLOCK", "32,25": "ROULETTE BLOCK", "104,26": "ROULETTE BLOCK", "55,21": "ROULETTE BLOCK", "163,22": "ROULETTE BLOCK", "121,19": "ROULETTE BLOCK", "75,16": "ROULETTE BLOCK", "143,15": "ROULETTE BLOCK", "188,15": "ROULETTE BLOCK", "96,13": "ROULETTE BLOCK", "124,11": "ROULETTE BLOCK", "77,9": "ROULETTE BLOCK", "112,9": "ROULETTE BLOCK", "176,9": "ROULETTE BLOCK", "183,4": "ROULETTE BLOCK", "82,4": "ROULETTE BLOCK", "39,25": "ROULETTE BLOCK", "76,24": "ROULETTE BLOCK", "127,23": "ROULETTE BLOCK", "56,13": "ROULETTE BLOCK", "168,22": "ROULETTE BLOCK", "95,21": "ROULETTE BLOCK", "165,18": "ROULETTE BLOCK", "148,15": "ROULETTE BLOCK", "183,15": "ROULETTE BLOCK", "107,14": "ROULETTE BLOCK", "160,10": "ROULETTE BLOCK", "157,4": "ROULETTE BLOCK", "133,4": "ROULETTE BLOCK", "108,25": "ROULETTE BLOCK", "147,24": "ROULETTE BLOCK", "54,18": "ROULETTE BLOCK", "59,22": "ROULETTE BLOCK", "92,22": "ROULETTE BLOCK", "120,20": "ROULETTE BLOCK", "100,17": "ROULETTE BLOCK", "184,16": "ROULETTE BLOCK", "79,15": "ROULETTE BLOCK", "167,13": "ROULETTE BLOCK", "128,12": "ROULETTE BLOCK", "127,7": "ROULETTE BLOCK", "143,7": "ROULETTE BLOCK", "103,25": "ROULETTE BLOCK", "35,26": "ROULETTE BLOCK", "187,24": "ROULETTE BLOCK", "52,22": "ROULETTE BLOCK", "99,22": "ROULETTE BLOCK", "164,21": "ROULETTE BLOCK", "94,18": "ROULETTE BLOCK", "144,16": "ROULETTE BLOCK", "72,15": "ROULETTE BLOCK", "123,12": "ROULETTE BLOCK", "91,10": "ROULETTE BLOCK", "96,7": "ROULETTE BLOCK", "57,24": "ROULETTE BLOCK", "106,23": "ROULETTE BLOCK", "149,22": "ROULETTE BLOCK", "182,22": "ROULETTE BLOCK", "144,18": "ROULETTE BLOCK", "94,16": "ROULETTE BLOCK", "169,15": "ROULETTE BLOCK", "126,14": "ROULETTE BLOCK", "77,13": "ROULETTE BLOCK", "141,10": "ROULETTE BLOCK", "96,9": "ROULETTE BLOCK", "162,4": "ROULETTE BLOCK", "106,4": "ROULETTE BLOCK", "125,26": "ROULETTE BLOCK", "97,24": "ROULETTE BLOCK", "54,16": "ROULETTE BLOCK", "142,22": "ROULETTE BLOCK", "189,22": "ROULETTE BLOCK", "74,21": "ROULETTE BLOCK", "100,19": "ROULETTE BLOCK", "184,18": "ROULETTE BLOCK", "162,15": "ROULETTE BLOCK", "105,11": "ROULETTE BLOCK", "181,10": "ROULETTE BLOCK", "127,9": "ROULETTE BLOCK", "143,9": "ROULETTE BLOCK", "122,25": "ROULETTE BLOCK", "53,15": "ROULETTE BLOCK", "73,22": "ROULETTE BLOCK", "145,21": "ROULETTE BLOCK", "165,16": "ROULETTE BLOCK", "98,15": "ROULETTE BLOCK", "186,13": "ROULETTE BLOCK", "102,12": "ROULETTE BLOCK", "129,25": "ROULETTE BLOCK", "166,24": "ROULETTE BLOCK", "37,23": "ROULETTE BLOCK", "58,15": "ROULETTE BLOCK", "78,22": "ROULETTE BLOCK", "185,21": "ROULETTE BLOCK", "101,20": "ROULETTE BLOCK", "75,18": "ROULETTE BLOCK", "121,17": "ROULETTE BLOCK", "93,15": "ROULETTE BLOCK", "146,13": "ROULETTE BLOCK", "109,12": "ROULETTE BLOCK", "70,10": "ROULETTE BLOCK", "77,7": "ROULETTE BLOCK", "112,7": "ROULETTE BLOCK", "176,7": "ROULETTE BLOCK", "95,25": "ROULETTE BLOCK", "168,26": "ROULETTE BLOCK", "140,23": "ROULETTE BLOCK", "39,21": "ROULETTE BLOCK", "56,17": "ROULETTE BLOCK", "76,20": "ROULETTE BLOCK", "186,19": "ROULETTE BLOCK", "102,18": "ROULETTE BLOCK", "160,14": "ROULETTE BLOCK", "148,11": "ROULETTE BLOCK", "183,11": "ROULETTE BLOCK", "107,10": "ROULETTE BLOCK", "163,8": "ROULETTE BLOCK", "107,8": "ROULETTE BLOCK", "62,8": "ROULETTE BLOCK", "97,5": "ROULETTE BLOCK", "55,25": "ROULETTE BLOCK", "163,26": "ROULETTE BLOCK", "180,23": "ROULETTE BLOCK", "32,21": "ROULETTE BLOCK", "104,22": "ROULETTE BLOCK", "146,19": "ROULETTE BLOCK", "109,18": "ROULETTE BLOCK", "96,17": "ROULETTE BLOCK", "124,15": "ROULETTE BLOCK", "75,12": "ROULETTE BLOCK", "143,11": "ROULETTE BLOCK", "188,11": "ROULETTE BLOCK", "126,5": "ROULETTE BLOCK", "142,5": "ROULETTE BLOCK", "164,25": "ROULETTE BLOCK", "52,26": "ROULETTE BLOCK", "99,26": "ROULETTE BLOCK", "35,22": "ROULETTE BLOCK", "38,18": "ROULETTE BLOCK", "103,21": "ROULETTE BLOCK", "187,20": "ROULETTE BLOCK", "77,19": "ROULETTE BLOCK", "123,16": "ROULETTE BLOCK", "91,14": "ROULETTE BLOCK", "144,12": "ROULETTE BLOCK", "72,11": "ROULETTE BLOCK", "156,6": "ROULETTE BLOCK", "132,6": "ROULETTE BLOCK", "59,26": "ROULETTE BLOCK", "92,26": "ROULETTE BLOCK", "120,24": "ROULETTE BLOCK", "71,23": "ROULETTE BLOCK", "51,14": "ROULETTE BLOCK", "108,21": "ROULETTE BLOCK", "147,20": "ROULETTE BLOCK", "167,17": "ROULETTE BLOCK", "128,16": "ROULETTE BLOCK", "100,13": "ROULETTE BLOCK", "184,12": "ROULETTE BLOCK", "79,11": "ROULETTE BLOCK", "182,6": "ROULETTE BLOCK", "83,6": "ROULETTE BLOCK", "74,25": "ROULETTE BLOCK", "189,26": "ROULETTE BLOCK", "142,26": "ROULETTE BLOCK", "54,12": "ROULETTE BLOCK", "125,22": "ROULETTE BLOCK", "97,20": "ROULETTE BLOCK", "167,19": "ROULETTE BLOCK", "128,18": "ROULETTE BLOCK", "105,15": "ROULETTE BLOCK", "181,14": "ROULETTE BLOCK", "162,11": "ROULETTE BLOCK", "182,8": "ROULETTE BLOCK", "83,8": "ROULETTE BLOCK", "76,5": "ROULETTE BLOCK", "113,5": "ROULETTE BLOCK", "177,5": "ROULETTE BLOCK", "182,26": "ROULETTE BLOCK", "149,26": "ROULETTE BLOCK", "30,24": "ROULETTE BLOCK", "161,23": "ROULETTE BLOCK", "57,20": "ROULETTE BLOCK", "123,18": "ROULETTE BLOCK", "77,17": "ROULETTE BLOCK", "141,14": "ROULETTE BLOCK", "94,12": "ROULETTE BLOCK", "169,11": "ROULETTE BLOCK", "126,10": "ROULETTE BLOCK", "156,8": "ROULETTE BLOCK", "132,8": "ROULETTE BLOCK", "185,25": "ROULETTE BLOCK", "78,26": "ROULETTE BLOCK", "101,24": "ROULETTE BLOCK", "50,23": "ROULETTE BLOCK", "58,11": "ROULETTE BLOCK", "129,21": "ROULETTE BLOCK", "166,20": "ROULETTE BLOCK", "96,19": "ROULETTE BLOCK", "146,17": "ROULETTE BLOCK", "109,16": "ROULETTE BLOCK", "70,14": "ROULETTE BLOCK", "121,13": "ROULETTE BLOCK", "93,11": "ROULETTE BLOCK", "145,25": "ROULETTE BLOCK", "73,26": "ROULETTE BLOCK", "90,23": "ROULETTE BLOCK", "53,11": "ROULETTE BLOCK", "56,19": "ROULETTE BLOCK", "122,21": "ROULETTE BLOCK", "186,17": "ROULETTE BLOCK", "102,16": "ROULETTE BLOCK", "165,12": "ROULETTE BLOCK", "98,11": "ROULETTE BLOCK", "163,6": "ROULETTE BLOCK", "107,6": "ROULETTE BLOCK", "62,6": "ROULETTE BLOCK", "42,25": "ROULETTE BLOCK", "89,25": "ROULETTE BLOCK", "174,26": "ROULETTE BLOCK", "113,22": "ROULETTE BLOCK", "151,19": "ROULETTE BLOCK", "81,17": "ROULETTE BLOCK", "133,15": "ROULETTE BLOCK", "62,12": "ROULETTE BLOCK", "154,11": "ROULETTE BLOCK", "158,6": "ROULETTE BLOCK", "91,6": "ROULETTE BLOCK", "49,25": "ROULETTE BLOCK", "82,25": "ROULETTE BLOCK", "157,23": "ROULETTE BLOCK", "41,17": "ROULETTE BLOCK", "118,22": "ROULETTE BLOCK", "61,20": "ROULETTE BLOCK", "115,18": "ROULETTE BLOCK", "138,15": "ROULETTE BLOCK", "177,14": "ROULETTE BLOCK", "69,12": "ROULETTE BLOCK", "110,10": "ROULETTE BLOCK", "144,6": "ROULETTE BLOCK", "120,6": "ROULETTE BLOCK", "178,25": "ROULETTE BLOCK", "85,26": "ROULETTE BLOCK", "137,24": "ROULETTE BLOCK", "66,23": "ROULETTE BLOCK", "46,14": "ROULETTE BLOCK", "150,20": "ROULETTE BLOCK", "170,17": "ROULETTE BLOCK", "117,13": "ROULETTE BLOCK", "158,12": "ROULETTE BLOCK", "109,8": "ROULETTE BLOCK", "99,5": "ROULETTE BLOCK", "134,5": "ROULETTE BLOCK", "150,5": "ROULETTE BLOCK", "173,25": "ROULETTE BLOCK", "45,26": "ROULETTE BLOCK", "114,21": "ROULETTE BLOCK", "60,19": "ROULETTE BLOCK", "134,16": "ROULETTE BLOCK", "86,14": "ROULETTE BLOCK", "153,12": "ROULETTE BLOCK", "65,11": "ROULETTE BLOCK", "171,8": "ROULETTE BLOCK", "115,8": "ROULETTE BLOCK", "70,8": "ROULETTE BLOCK", "85,5": "ROULETTE BLOCK", "128,5": "ROULETTE BLOCK", "184,5": "ROULETTE BLOCK", "68,25": "ROULETTE BLOCK", "27,24": "ROULETTE BLOCK", "176,23": "ROULETTE BLOCK", "40,20": "ROULETTE BLOCK", "139,22": "ROULETTE BLOCK", "134,18": "ROULETTE BLOCK", "60,17": "ROULETTE BLOCK", "119,15": "ROULETTE BLOCK", "156,14": "ROULETTE BLOCK", "83,12": "ROULETTE BLOCK", "131,10": "ROULETTE BLOCK", "171,6": "ROULETTE BLOCK", "115,6": "ROULETTE BLOCK", "70,6": "ROULETTE BLOCK", "63,25": "ROULETTE BLOCK", "155,26": "ROULETTE BLOCK", "132,22": "ROULETTE BLOCK", "80,20": "ROULETTE BLOCK", "170,19": "ROULETTE BLOCK", "112,15": "ROULETTE BLOCK", "88,12": "ROULETTE BLOCK", "175,11": "ROULETTE BLOCK", "109,6": "ROULETTE BLOCK", "152,25": "ROULETTE BLOCK", "64,26": "ROULETTE BLOCK", "87,23": "ROULETTE BLOCK", "41,19": "ROULETTE BLOCK", "135,21": "ROULETTE BLOCK", "115,16": "ROULETTE BLOCK", "172,12": "ROULETTE BLOCK", "144,8": "ROULETTE BLOCK", "120,8": "ROULETTE BLOCK", "78,5": "ROULETTE BLOCK", "179,5": "ROULETTE BLOCK", "159,25": "ROULETTE BLOCK", "116,24": "ROULETTE BLOCK", "47,23": "ROULETTE BLOCK", "59,8": "ROULETTE BLOCK", "171,20": "ROULETTE BLOCK", "81,19": "ROULETTE BLOCK", "151,17": "ROULETTE BLOCK", "67,14": "ROULETTE BLOCK", "136,13": "ROULETTE BLOCK", "179,12": "ROULETTE BLOCK", "84,11": "ROULETTE BLOCK", "158,8": "ROULETTE BLOCK", "91,8": "ROULETTE BLOCK", "64,5": "ROULETTE BLOCK", "101,5": "ROULETTE BLOCK", "165,5": "ROULETTE BLOCK", "161,25": "ROULETTE BLOCK", "57,26": "ROULETTE BLOCK", "30,22": "ROULETTE BLOCK", "106,21": "ROULETTE BLOCK", "182,20": "ROULETTE BLOCK", "149,20": "ROULETTE BLOCK", "72,19": "ROULETTE BLOCK", "169,17": "ROULETTE BLOCK", "126,16": "ROULETTE BLOCK", "94,14": "ROULETTE BLOCK", "141,12": "ROULETTE BLOCK", "77,11": "ROULETTE BLOCK", "63,6": "ROULETTE BLOCK", "162,6": "ROULETTE BLOCK", "106,6": "ROULETTE BLOCK", "97,26": "ROULETTE BLOCK", "125,24": "ROULETTE BLOCK", "74,23": "ROULETTE BLOCK", "54,14": "ROULETTE BLOCK", "189,20": "ROULETTE BLOCK", "142,20": "ROULETTE BLOCK", "79,19": "ROULETTE BLOCK", "162,17": "ROULETTE BLOCK", "105,13": "ROULETTE BLOCK", "181,12": "ROULETTE BLOCK", "90,25": "ROULETTE BLOCK", "145,23": "ROULETTE BLOCK", "53,17": "ROULETTE BLOCK", "73,20": "ROULETTE BLOCK", "148,19": "ROULETTE BLOCK", "183,19": "ROULETTE BLOCK", "107,18": "ROULETTE BLOCK", "98,17": "ROULETTE BLOCK", "165,14": "ROULETTE BLOCK", "186,11": "ROULETTE BLOCK", "102,10": "ROULETTE BLOCK", "157,8": "ROULETTE BLOCK", "133,8": "ROULETTE BLOCK", "3,21": "MESSAGE BLOCK", "50,25": "ROULETTE BLOCK", "166,26": "ROULETTE BLOCK", "185,23": "ROULETTE BLOCK", "37,21": "ROULETTE BLOCK", "58,17": "ROULETTE BLOCK", "101,22": "ROULETTE BLOCK", "78,20": "ROULETTE BLOCK", "143,19": "ROULETTE BLOCK", "188,19": "ROULETTE BLOCK", "93,17": "ROULETTE BLOCK", "121,15": "ROULETTE BLOCK", "70,12": "ROULETTE BLOCK", "146,11": "ROULETTE BLOCK", "109,10": "ROULETTE BLOCK", "183,8": "ROULETTE BLOCK", "82,8": "ROULETTE BLOCK", "77,5": "ROULETTE BLOCK", "112,5": "ROULETTE BLOCK", "176,5": "ROULETTE BLOCK", "180,25": "ROULETTE BLOCK", "104,24": "ROULETTE BLOCK", "55,23": "ROULETTE BLOCK", "58,19": "ROULETTE BLOCK", "163,20": "ROULETTE BLOCK", "93,19": "ROULETTE BLOCK", "143,17": "ROULETTE BLOCK", "188,17": "ROULETTE BLOCK", "75,14": "ROULETTE BLOCK", "124,13": "ROULETTE BLOCK", "96,11": "ROULETTE BLOCK", "183,6": "ROULETTE BLOCK", "82,6": "ROULETTE BLOCK", "140,25": "ROULETTE BLOCK", "76,26": "ROULETTE BLOCK", "95,23": "ROULETTE BLOCK", "53,19": "ROULETTE BLOCK", "56,11": "ROULETTE BLOCK", "127,21": "ROULETTE BLOCK", "168,20": "ROULETTE BLOCK", "98,19": "ROULETTE BLOCK", "148,17": "ROULETTE BLOCK", "183,17": "ROULETTE BLOCK", "107,16": "ROULETTE BLOCK", "160,12": "ROULETTE BLOCK", "157,6": "ROULETTE BLOCK", "133,6": "ROULETTE BLOCK", "71,25": "ROULETTE BLOCK", "147,26": "ROULETTE BLOCK", "51,12": "ROULETTE BLOCK", "59,20": "ROULETTE BLOCK", "120,22": "ROULETTE BLOCK", "92,20": "ROULETTE BLOCK", "162,19": "ROULETTE BLOCK", "79,17": "ROULETTE BLOCK", "100,15": "ROULETTE BLOCK", "184,14": "ROULETTE BLOCK", "167,11": "ROULETTE BLOCK", "128,10": "ROULETTE BLOCK", "127,5": "ROULETTE BLOCK", "143,5": "ROULETTE BLOCK", "187,26": "ROULETTE BLOCK", "35,24": "ROULETTE BLOCK", "164,23": "ROULETTE BLOCK", "52,20": "ROULETTE BLOCK", "99,20": "ROULETTE BLOCK", "169,19": "ROULETTE BLOCK", "126,18": "ROULETTE BLOCK", "72,17": "ROULETTE BLOCK", "144,14": "ROULETTE BLOCK", "91,12": "ROULETTE BLOCK", "123,10": "ROULETTE BLOCK", "162,8": "ROULETTE BLOCK", "106,8": "ROULETTE BLOCK", "63,8": "ROULETTE BLOCK", "96,5": "ROULETTE BLOCK", "80,26": "ROULETTE BLOCK", "132,24": "ROULETTE BLOCK", "63,23": "ROULETTE BLOCK", "58,8": "ROULETTE BLOCK", "155,20": "ROULETTE BLOCK", "175,17": "ROULETTE BLOCK", "88,14": "ROULETTE BLOCK", "112,13": "ROULETTE BLOCK", "159,8": "ROULETTE BLOCK", "90,8": "ROULETTE BLOCK", "65,5": "ROULETTE BLOCK", "100,5": "ROULETTE BLOCK", "164,5": "ROULETTE BLOCK", "176,25": "ROULETTE BLOCK", "40,26": "ROULETTE BLOCK", "139,24": "ROULETTE BLOCK", "68,23": "ROULETTE BLOCK", "48,14": "ROULETTE BLOCK", "111,21": "ROULETTE BLOCK", "65,19": "ROULETTE BLOCK", "131,16": "ROULETTE BLOCK", "83,14": "ROULETTE BLOCK", "119,13": "ROULETTE BLOCK", "156,12": "ROULETTE BLOCK", "60,11": "ROULETTE BLOCK", "145,8": "ROULETTE BLOCK", "121,8": "ROULETTE BLOCK", "79,5": "ROULETTE BLOCK", "178,5": "ROULETTE BLOCK", "47,25": "ROULETTE BLOCK", "171,26": "ROULETTE BLOCK", "159,23": "ROULETTE BLOCK", "116,22": "ROULETTE BLOCK", "154,19": "ROULETTE BLOCK", "84,17": "ROULETTE BLOCK", "136,15": "ROULETTE BLOCK", "179,14": "ROULETTE BLOCK", "67,12": "ROULETTE BLOCK", "151,11": "ROULETTE BLOCK", "108,6": "ROULETTE BLOCK", "87,25": "ROULETTE BLOCK", "152,23": "ROULETTE BLOCK", "44,17": "ROULETTE BLOCK", "64,20": "ROULETTE BLOCK", "110,18": "ROULETTE BLOCK", "172,14": "ROULETTE BLOCK", "115,10": "ROULETTE BLOCK", "170,6": "ROULETTE BLOCK", "114,6": "ROULETTE BLOCK", "71,6": "ROULETTE BLOCK", "157,25": "ROULETTE BLOCK", "61,26": "ROULETTE BLOCK", "118,24": "ROULETTE BLOCK", "49,23": "ROULETTE BLOCK", "82,23": "ROULETTE BLOCK", "44,19": "ROULETTE BLOCK", "130,21": "ROULETTE BLOCK", "110,16": "ROULETTE BLOCK", "69,14": "ROULETTE BLOCK", "138,13": "ROULETTE BLOCK", "177,12": "ROULETTE BLOCK", "170,8": "ROULETTE BLOCK", "114,8": "ROULETTE BLOCK", "71,8": "ROULETTE BLOCK", "84,5": "ROULETTE BLOCK", "129,5": "ROULETTE BLOCK", "185,5": "ROULETTE BLOCK", "113,24": "ROULETTE BLOCK", "42,23": "ROULETTE BLOCK", "89,23": "ROULETTE BLOCK", "174,20": "ROULETTE BLOCK", "84,19": "ROULETTE BLOCK", "154,17": "ROULETTE BLOCK", "62,14": "ROULETTE BLOCK", "133,13": "ROULETTE BLOCK", "81,11": "ROULETTE BLOCK", "108,8": "ROULETTE BLOCK", "98,5": "ROULETTE BLOCK", "135,5": "ROULETTE BLOCK", "151,5": "ROULETTE BLOCK", "173,23": "ROULETTE BLOCK", "45,20": "ROULETTE BLOCK", "131,18": "ROULETTE BLOCK", "65,17": "ROULETTE BLOCK", "153,14": "ROULETTE BLOCK", "86,12": "ROULETTE BLOCK", "134,10": "ROULETTE BLOCK", "145,6": "ROULETTE BLOCK", "121,6": "ROULETTE BLOCK", "66,25": "ROULETTE BLOCK", "150,26": "ROULETTE BLOCK", "29,24": "ROULETTE BLOCK", "178,23": "ROULETTE BLOCK", "137,22": "ROULETTE BLOCK", "85,20": "ROULETTE BLOCK", "175,19": "ROULETTE BLOCK", "117,15": "ROULETTE BLOCK", "158,14": "ROULETTE BLOCK", "170,11": "ROULETTE BLOCK", "159,6": "ROULETTE BLOCK", "90,6": "ROULETTE BLOCK", "111,25": "ROULETTE BLOCK", "27,26": "ROULETTE BLOCK", "40,22": "ROULETTE BLOCK", "176,21": "ROULETTE BLOCK", "139,20": "ROULETTE BLOCK", "86,18": "ROULETTE BLOCK", "119,17": "ROULETTE BLOCK", "156,16": "ROULETTE BLOCK", "60,15": "ROULETTE BLOCK", "131,12": "ROULETTE BLOCK", "83,10": "ROULETTE BLOCK", "85,9": "ROULETTE BLOCK", "128,9": "ROULETTE BLOCK", "184,9": "ROULETTE BLOCK", "171,4": "ROULETTE BLOCK", "115,4": "ROULETTE BLOCK", "70,4": "ROULETTE BLOCK", "155,24": "ROULETTE BLOCK", "46,18": "ROULETTE BLOCK", "80,22": "ROULETTE BLOCK", "132,20": "ROULETTE BLOCK", "112,17": "ROULETTE BLOCK", "175,13": "ROULETTE BLOCK", "88,10": "ROULETTE BLOCK", "99,9": "ROULETTE BLOCK", "134,9": "ROULETTE BLOCK", "150,9": "ROULETTE BLOCK", "109,4": "ROULETTE BLOCK", "64,24": "ROULETTE BLOCK", "135,23": "ROULETTE BLOCK", "87,21": "ROULETTE BLOCK", "138,19": "ROULETTE BLOCK", "177,18": "ROULETTE BLOCK", "115,14": "ROULETTE BLOCK", "172,10": "ROULETTE BLOCK", "78,7": "ROULETTE BLOCK", "179,7": "ROULETTE BLOCK", "116,26": "ROULETTE BLOCK", "47,21": "ROULETTE BLOCK", "171,22": "ROULETTE BLOCK", "133,19": "ROULETTE BLOCK", "67,16": "ROULETTE BLOCK", "151,15": "ROULETTE BLOCK", "84,13": "ROULETTE BLOCK", "136,11": "ROULETTE BLOCK", "179,10": "ROULETTE BLOCK", "64,7": "ROULETTE BLOCK", "101,7": "ROULETTE BLOCK", "165,7": "ROULETTE BLOCK", "174,24": "ROULETTE BLOCK", "113,20": "ROULETTE BLOCK", "67,18": "ROULETTE BLOCK", "133,17": "ROULETTE BLOCK", "81,15": "ROULETTE BLOCK", "154,13": "ROULETTE BLOCK", "62,10": "ROULETTE BLOCK", "64,9": "ROULETTE BLOCK", "101,9": "ROULETTE BLOCK", "165,9": "ROULETTE BLOCK", "158,4": "ROULETTE BLOCK", "91,4": "ROULETTE BLOCK", "130,25": "ROULETTE BLOCK", "61,22": "ROULETTE BLOCK", "157,21": "ROULETTE BLOCK", "118,20": "ROULETTE BLOCK", "138,17": "ROULETTE BLOCK", "177,16": "ROULETTE BLOCK", "110,12": "ROULETTE BLOCK", "69,10": "ROULETTE BLOCK", "78,9": "ROULETTE BLOCK", "179,9": "ROULETTE BLOCK", "144,4": "ROULETTE BLOCK", "120,4": "ROULETTE BLOCK", "137,26": "ROULETTE BLOCK", "85,24": "ROULETTE BLOCK", "46,16": "ROULETTE BLOCK", "150,22": "ROULETTE BLOCK", "66,21": "ROULETTE BLOCK", "112,19": "ROULETTE BLOCK", "170,15": "ROULETTE BLOCK", "117,11": "ROULETTE BLOCK", "158,10": "ROULETTE BLOCK", "99,7": "ROULETTE BLOCK", "134,7": "ROULETTE BLOCK", "150,7": "ROULETTE BLOCK", "45,24": "ROULETTE BLOCK", "114,23": "ROULETTE BLOCK", "119,19": "ROULETTE BLOCK", "156,18": "ROULETTE BLOCK", "86,16": "ROULETTE BLOCK", "134,14": "ROULETTE BLOCK", "65,13": "ROULETTE BLOCK", "153,10": "ROULETTE BLOCK", "85,7": "ROULETTE BLOCK", "128,7": "ROULETTE BLOCK", "184,7": "ROULETTE BLOCK", "142,24": "ROULETTE BLOCK", "189,24": "ROULETTE BLOCK", "51,18": "ROULETTE BLOCK", "54,10": "ROULETTE BLOCK", "97,22": "ROULETTE BLOCK", "125,20": "ROULETTE BLOCK", "105,17": "ROULETTE BLOCK", "181,16": "ROULETTE BLOCK", "162,13": "ROULETTE BLOCK", "76,7": "ROULETTE BLOCK", "113,7": "ROULETTE BLOCK", "177,7": "ROULETTE BLOCK", "106,25": "ROULETTE BLOCK", "30,26": "ROULETTE BLOCK", "149,24": "ROULETTE BLOCK", "182,24": "ROULETTE BLOCK", "57,22": "ROULETTE BLOCK", "161,21": "ROULETTE BLOCK", "91,18": "ROULETTE BLOCK", "141,16": "ROULETTE BLOCK", "77,15": "ROULETTE BLOCK", "169,13": "ROULETTE BLOCK", "126,12": "ROULETTE BLOCK", "94,10": "ROULETTE BLOCK", "37,25": "ROULETTE BLOCK", "101,26": "ROULETTE BLOCK", "78,24": "ROULETTE BLOCK", "129,23": "ROULETTE BLOCK", "50,21": "ROULETTE BLOCK", "58,13": "ROULETTE BLOCK", "166,22": "ROULETTE BLOCK", "124,19": "ROULETTE BLOCK", "70,16": "ROULETTE BLOCK", "146,15": "ROULETTE BLOCK", "109,14": "ROULETTE BLOCK", "93,13": "ROULETTE BLOCK", "121,11": "ROULETTE BLOCK", "126,9": "ROULETTE BLOCK", "142,9": "ROULETTE BLOCK", "73,24": "ROULETTE BLOCK", "122,23": "ROULETTE BLOCK", "53,13": "ROULETTE BLOCK", "90,21": "ROULETTE BLOCK", "160,18": "ROULETTE BLOCK", "186,15": "ROULETTE BLOCK", "102,14": "ROULETTE BLOCK", "98,13": "ROULETTE BLOCK", "165,10": "ROULETTE BLOCK", "97,9": "ROULETTE BLOCK", "163,4": "ROULETTE BLOCK", "107,4": "ROULETTE BLOCK", "127,25": "ROULETTE BLOCK", "168,24": "ROULETTE BLOCK", "39,23": "ROULETTE BLOCK", "56,15": "ROULETTE BLOCK", "76,22": "ROULETTE BLOCK", "140,21": "ROULETTE BLOCK", "160,16": "ROULETTE BLOCK", "148,13": "ROULETTE BLOCK", "183,13": "ROULETTE BLOCK", "107,12": "ROULETTE BLOCK", "97,7": "ROULETTE BLOCK", "163,24": "ROULETTE BLOCK", "32,23": "ROULETTE BLOCK", "180,21": "ROULETTE BLOCK", "104,20": "ROULETTE BLOCK", "70,18": "ROULETTE BLOCK", "124,17": "ROULETTE BLOCK", "96,15": "ROULETTE BLOCK", "143,13": "ROULETTE BLOCK", "188,13": "ROULETTE BLOCK", "75,10": "ROULETTE BLOCK", "126,7": "ROULETTE BLOCK", "142,7": "ROULETTE BLOCK", "52,24": "ROULETTE BLOCK", "99,24": "ROULETTE BLOCK", "103,23": "ROULETTE BLOCK", "35,20": "ROULETTE BLOCK", "187,22": "ROULETTE BLOCK", "141,18": "ROULETTE BLOCK", "91,16": "ROULETTE BLOCK", "123,14": "ROULETTE BLOCK", "72,13": "ROULETTE BLOCK", "144,10": "ROULETTE BLOCK", "156,4": "ROULETTE BLOCK", "132,4": "ROULETTE BLOCK", "120,26": "ROULETTE BLOCK", "59,24": "ROULETTE BLOCK", "92,24": "ROULETTE BLOCK", "108,23": "ROULETTE BLOCK", "51,16": "ROULETTE BLOCK", "147,22": "ROULETTE BLOCK", "71,21": "ROULETTE BLOCK", "105,19": "ROULETTE BLOCK", "181,18": "ROULETTE BLOCK", "167,15": "ROULETTE BLOCK", "128,14": "ROULETTE BLOCK", "79,13": "ROULETTE BLOCK", "100,11": "ROULETTE BLOCK", "184,10": "ROULETTE BLOCK", "76,9": "ROULETTE BLOCK", "113,9": "ROULETTE BLOCK", "177,9": "ROULETTE BLOCK", "182,4": "ROULETTE BLOCK", "83,4": "ROULETTE BLOCK", "158,26": "ROULETTE BLOCK", "170,23": "ROULETTE BLOCK", "46,20": "ROULETTE BLOCK", "132,18": "ROULETTE BLOCK", "66,17": "ROULETTE BLOCK", "150,14": "ROULETTE BLOCK", "85,12": "ROULETTE BLOCK", "178,11": "ROULETTE BLOCK", "137,10": "ROULETTE BLOCK", "175,6": "ROULETTE BLOCK", "111,6": "ROULETTE BLOCK", "74,6": "ROULETTE BLOCK", "65,25": "ROULETTE BLOCK", "153,26": "ROULETTE BLOCK", "134,22": "ROULETTE BLOCK", "86,20": "ROULETTE BLOCK", "176,19": "ROULETTE BLOCK", "139,18": "ROULETTE BLOCK", "114,15": "ROULETTE BLOCK", "173,11": "ROULETTE BLOCK", "169,6": "ROULETTE BLOCK", "68,6": "ROULETTE BLOCK", "154,25": "ROULETTE BLOCK", "62,26": "ROULETTE BLOCK", "81,23": "ROULETTE BLOCK", "47,19": "ROULETTE BLOCK", "133,21": "ROULETTE BLOCK", "113,16": "ROULETTE BLOCK", "174,12": "ROULETTE BLOCK", "89,11": "ROULETTE BLOCK", "188,8": "ROULETTE BLOCK", "140,8": "ROULETTE BLOCK", "124,8": "ROULETTE BLOCK", "89,8": "ROULETTE BLOCK", "119,5": "ROULETTE BLOCK", "69,26": "ROULETTE BLOCK", "110,24": "ROULETTE BLOCK", "41,23": "ROULETTE BLOCK", "138,21": "ROULETTE BLOCK", "177,20": "ROULETTE BLOCK", "87,19": "ROULETTE BLOCK", "157,17": "ROULETTE BLOCK", "118,16": "ROULETTE BLOCK", "61,14": "ROULETTE BLOCK", "130,13": "ROULETTE BLOCK", "82,11": "ROULETTE BLOCK", "138,8": "ROULETTE BLOCK", "95,8": "ROULETTE BLOCK", "105,5": "ROULETTE BLOCK", "161,5": "ROULETTE BLOCK", "23,21": "MESSAGE BLOCK", "44,25": "ROULETTE BLOCK", "172,26": "ROULETTE BLOCK", "115,22": "ROULETTE BLOCK", "157,19": "ROULETTE BLOCK", "118,18": "ROULETTE BLOCK", "87,17": "ROULETTE BLOCK", "135,15": "ROULETTE BLOCK", "64,12": "ROULETTE BLOCK", "152,11": "ROULETTE BLOCK", "138,6": "ROULETTE BLOCK", "95,6": "ROULETTE BLOCK", "84,25": "ROULETTE BLOCK", "179,26": "ROULETTE BLOCK", "151,23": "ROULETTE BLOCK", "47,17": "ROULETTE BLOCK", "67,20": "ROULETTE BLOCK", "113,18": "ROULETTE BLOCK", "171,14": "ROULETTE BLOCK", "159,11": "ROULETTE BLOCK", "116,10": "ROULETTE BLOCK", "188,6": "ROULETTE BLOCK", "140,6": "ROULETTE BLOCK", "124,6": "ROULETTE BLOCK", "89,6": "ROULETTE BLOCK", "48,26": "ROULETTE BLOCK", "83,26": "ROULETTE BLOCK", "131,24": "ROULETTE BLOCK", "60,23": "ROULETTE BLOCK", "119,21": "ROULETTE BLOCK", "156,20": "ROULETTE BLOCK", "176,17": "ROULETTE BLOCK", "139,16": "ROULETTE BLOCK", "111,13": "ROULETTE BLOCK", "68,11": "ROULETTE BLOCK", "169,8": "ROULETTE BLOCK", "68,8": "ROULETTE BLOCK", "130,5": "ROULETTE BLOCK", "154,5": "ROULETTE BLOCK", "175,25": "ROULETTE BLOCK", "43,26": "ROULETTE BLOCK", "88,26": "ROULETTE BLOCK", "112,21": "ROULETTE BLOCK", "66,19": "ROULETTE BLOCK", "132,16": "ROULETTE BLOCK", "80,14": "ROULETTE BLOCK", "155,12": "ROULETTE BLOCK", "63,11": "ROULETTE BLOCK", "175,8": "ROULETTE BLOCK", "111,8": "ROULETTE BLOCK", "74,8": "ROULETTE BLOCK", "81,5": "ROULETTE BLOCK", "148,5": "ROULETTE BLOCK", "180,5": "ROULETTE BLOCK", "72,25": "ROULETTE BLOCK", "144,26": "ROULETTE BLOCK", "52,12": "ROULETTE BLOCK", "123,22": "ROULETTE BLOCK", "91,20": "ROULETTE BLOCK", "161,19": "ROULETTE BLOCK", "103,15": "ROULETTE BLOCK", "187,14": "ROULETTE BLOCK", "99,12": "ROULETTE BLOCK", "164,11": "ROULETTE BLOCK", "186,8": "ROULETTE BLOCK", "87,8": "ROULETTE BLOCK", "72,5": "ROULETTE BLOCK", "117,5": "ROULETTE BLOCK", "173,5": "ROULETTE BLOCK", "79,25": "ROULETTE BLOCK", "184,26": "ROULETTE BLOCK", "36,24": "ROULETTE BLOCK", "167,23": "ROULETTE BLOCK", "51,20": "ROULETTE BLOCK", "59,12": "ROULETTE BLOCK", "128,22": "ROULETTE BLOCK", "125,18": "ROULETTE BLOCK", "71,17": "ROULETTE BLOCK", "108,15": "ROULETTE BLOCK", "147,14": "ROULETTE BLOCK", "92,12": "ROULETTE BLOCK", "120,10": "ROULETTE BLOCK", "152,8": "ROULETTE BLOCK", "136,8": "ROULETTE BLOCK", "148,25": "ROULETTE BLOCK", "183,25": "ROULETTE BLOCK", "107,24": "ROULETTE BLOCK", "56,23": "ROULETTE BLOCK", "160,20": "ROULETTE BLOCK", "90,19": "ROULETTE BLOCK", "140,17": "ROULETTE BLOCK", "76,14": "ROULETTE BLOCK", "127,13": "ROULETTE BLOCK", "168,12": "ROULETTE BLOCK", "95,11": "ROULETTE BLOCK", "143,25": "ROULETTE BLOCK", "188,25": "ROULETTE BLOCK", "75,26": "ROULETTE BLOCK", "96,23": "ROULETTE BLOCK", "50,19": "ROULETTE BLOCK", "55,11": "ROULETTE BLOCK", "124,21": "ROULETTE BLOCK", "180,17": "ROULETTE BLOCK", "104,16": "ROULETTE BLOCK", "163,12": "ROULETTE BLOCK", "66,6": "ROULETTE BLOCK", "167,6": "ROULETTE BLOCK", "103,6": "ROULETTE BLOCK", "58,25": "ROULETTE BLOCK", "93,25": "ROULETTE BLOCK", "146,23": "ROULETTE BLOCK", "50,17": "ROULETTE BLOCK", "109,22": "ROULETTE BLOCK", "70,20": "ROULETTE BLOCK", "180,19": "ROULETTE BLOCK", "104,18": "ROULETTE BLOCK", "129,15": "ROULETTE BLOCK", "166,14": "ROULETTE BLOCK", "78,12": "ROULETTE BLOCK", "185,11": "ROULETTE BLOCK", "101,10": "ROULETTE BLOCK", "167,8": "ROULETTE BLOCK", "103,8": "ROULETTE BLOCK", "66,8": "ROULETTE BLOCK", "93,5": "ROULETTE BLOCK", "53,25": "ROULETTE BLOCK", "98,25": "ROULETTE BLOCK", "165,26": "ROULETTE BLOCK", "186,23": "ROULETTE BLOCK", "34,21": "ROULETTE BLOCK", "102,22": "ROULETTE BLOCK", "140,19": "ROULETTE BLOCK", "90,17": "ROULETTE BLOCK", "122,15": "ROULETTE BLOCK", "73,12": "ROULETTE BLOCK", "145,11": "ROULETTE BLOCK", "122,5": "ROULETTE BLOCK", "146,5": "ROULETTE BLOCK", "162,25": "ROULETTE BLOCK", "54,26": "ROULETTE BLOCK", "33,22": "ROULETTE BLOCK", "105,21": "ROULETTE BLOCK", "181,20": "ROULETTE BLOCK", "71,19": "ROULETTE BLOCK", "125,16": "ROULETTE BLOCK", "97,14": "ROULETTE BLOCK", "189,12": "ROULETTE BLOCK", "142,12": "ROULETTE BLOCK", "74,11": "ROULETTE BLOCK", "152,6": "ROULETTE BLOCK", "136,6": "ROULETTE BLOCK", "169,25": "ROULETTE BLOCK", "94,26": "ROULETTE BLOCK", "126,24": "ROULETTE BLOCK", "77,23": "ROULETTE BLOCK", "38,22": "ROULETTE BLOCK", "57,14": "ROULETTE BLOCK", "141,20": "ROULETTE BLOCK", "161,17": "ROULETTE BLOCK", "106,13": "ROULETTE BLOCK", "182,12": "ROULETTE BLOCK", "149,12": "ROULETTE BLOCK", "186,6": "ROULETTE BLOCK", "87,6": "ROULETTE BLOCK", "128,26": "ROULETTE BLOCK", "51,24": "ROULETTE BLOCK", "100,23": "ROULETTE BLOCK", "36,20": "ROULETTE BLOCK", "59,16": "ROULETTE BLOCK", "184,22": "ROULETTE BLOCK", "79,21": "ROULETTE BLOCK", "189,18": "ROULETTE BLOCK", "142,18": "ROULETTE BLOCK", "92,16": "ROULETTE BLOCK", "120,14": "ROULETTE BLOCK", "71,13": "ROULETTE BLOCK", "108,11": "ROULETTE BLOCK", "147,10": "ROULETTE BLOCK", "92,9": "ROULETTE BLOCK", "67,4": "ROULETTE BLOCK", "166,4": "ROULETTE BLOCK", "102,4": "ROULETTE BLOCK", "123,26": "ROULETTE BLOCK", "91,24": "ROULETTE BLOCK", "52,16": "ROULETTE BLOCK", "144,22": "ROULETTE BLOCK", "72,21": "ROULETTE BLOCK", "106,19": "ROULETTE BLOCK", "182,18": "ROULETTE BLOCK", "149,18": "ROULETTE BLOCK", "99,16": "ROULETTE BLOCK", "164,15": "ROULETTE BLOCK", "103,11": "ROULETTE BLOCK", "187,10": "ROULETTE BLOCK", "123,9": "ROULETTE BLOCK", "147,9": "ROULETTE BLOCK", "124,25": "ROULETTE BLOCK", "37,19": "ROULETTE BLOCK", "55,15": "ROULETTE BLOCK", "75,22": "ROULETTE BLOCK", "143,21": "ROULETTE BLOCK", "188,21": "ROULETTE BLOCK", "78,18": "ROULETTE BLOCK", "163,16": "ROULETTE BLOCK", "180,13": "ROULETTE BLOCK", "104,12": "ROULETTE BLOCK", "160,24": "ROULETTE BLOCK", "31,23": "ROULETTE BLOCK", "148,21": "ROULETTE BLOCK", "183,21": "ROULETTE BLOCK", "107,20": "ROULETTE BLOCK", "73,18": "ROULETTE BLOCK", "127,17": "ROULETTE BLOCK", "168,16": "ROULETTE BLOCK", "95,15": "ROULETTE BLOCK", "140,13": "ROULETTE BLOCK", "76,10": "ROULETTE BLOCK", "73,7": "ROULETTE BLOCK", "116,7": "ROULETTE BLOCK", "172,7": "ROULETTE BLOCK", "34,25": "ROULETTE BLOCK", "102,26": "ROULETTE BLOCK", "53,21": "ROULETTE BLOCK", "165,22": "ROULETTE BLOCK", "98,21": "ROULETTE BLOCK", "127,19": "ROULETTE BLOCK", "168,18": "ROULETTE BLOCK", "73,16": "ROULETTE BLOCK", "145,15": "ROULETTE BLOCK", "90,13": "ROULETTE BLOCK", "122,11": "ROULETTE BLOCK", "73,9": "ROULETTE BLOCK", "116,9": "ROULETTE BLOCK", "172,9": "ROULETTE BLOCK", "187,4": "ROULETTE BLOCK", "86,4": "ROULETTE BLOCK", "109,26": "ROULETTE BLOCK", "70,24": "ROULETTE BLOCK", "121,23": "ROULETTE BLOCK", "50,13": "ROULETTE BLOCK", "58,21": "ROULETTE BLOCK", "93,21": "ROULETTE BLOCK", "163,18": "ROULETTE BLOCK", "78,16": "ROULETTE BLOCK", "185,15": "ROULETTE BLOCK", "101,14": "ROULETTE BLOCK", "129,11": "ROULETTE BLOCK", "166,10": "ROULETTE BLOCK", "153,4": "ROULETTE BLOCK", "137,4": "ROULETTE BLOCK", "38,26": "ROULETTE BLOCK", "141,24": "ROULETTE BLOCK", "52,18": "ROULETTE BLOCK", "57,10": "ROULETTE BLOCK", "94,22": "ROULETTE BLOCK", "169,21": "ROULETTE BLOCK", "126,20": "ROULETTE BLOCK", "99,18": "ROULETTE BLOCK", "106,17": "ROULETTE BLOCK", "182,16": "ROULETTE BLOCK", "149,16": "ROULETTE BLOCK", "161,13": "ROULETTE BLOCK", "123,7": "ROULETTE BLOCK", "147,7": "ROULETTE BLOCK", "105,25": "ROULETTE BLOCK", "33,26": "ROULETTE BLOCK", "181,24": "ROULETTE BLOCK", "54,22": "ROULETTE BLOCK", "59,18": "ROULETTE BLOCK", "162,21": "ROULETTE BLOCK", "92,18": "ROULETTE BLOCK", "189,16": "ROULETTE BLOCK", "142,16": "ROULETTE BLOCK", "74,15": "ROULETTE BLOCK", "125,12": "ROULETTE BLOCK", "97,10": "ROULETTE BLOCK", "92,7": "ROULETTE BLOCK", "134,26": "ROULETTE BLOCK", "86,24": "ROULETTE BLOCK", "45,16": "ROULETTE BLOCK", "153,22": "ROULETTE BLOCK", "65,21": "ROULETTE BLOCK", "111,19": "ROULETTE BLOCK", "173,15": "ROULETTE BLOCK", "114,11": "ROULETTE BLOCK", "61,7": "ROULETTE BLOCK", "104,7": "ROULETTE BLOCK", "160,7": "ROULETTE BLOCK", "46,24": "ROULETTE BLOCK", "117,23": "ROULETTE BLOCK", "158,22": "ROULETTE BLOCK", "155,18": "ROULETTE BLOCK", "85,16": "ROULETTE BLOCK", "178,15": "ROULETTE BLOCK", "137,14": "ROULETTE BLOCK", "66,13": "ROULETTE BLOCK", "150,10": "ROULETTE BLOCK", "118,7": "ROULETTE BLOCK", "138,25": "ROULETTE BLOCK", "177,24": "ROULETTE BLOCK", "49,15": "ROULETTE BLOCK", "69,22": "ROULETTE BLOCK", "110,20": "ROULETTE BLOCK", "64,18": "ROULETTE BLOCK", "130,17": "ROULETTE BLOCK", "82,15": "ROULETTE BLOCK", "157,13": "ROULETTE BLOCK", "118,12": "ROULETTE BLOCK", "61,10": "ROULETTE BLOCK", "131,9": "ROULETTE BLOCK", "155,9": "ROULETTE BLOCK", "168,4": "ROULETTE BLOCK", "69,4": "ROULETTE BLOCK", "133,25": "ROULETTE BLOCK", "62,22": "ROULETTE BLOCK", "154,21": "ROULETTE BLOCK", "174,16": "ROULETTE BLOCK", "89,15": "ROULETTE BLOCK", "113,12": "ROULETTE BLOCK", "80,9": "ROULETTE BLOCK", "149,9": "ROULETTE BLOCK", "181,9": "ROULETTE BLOCK", "174,4": "ROULETTE BLOCK", "110,4": "ROULETTE BLOCK", "75,4": "ROULETTE BLOCK", "28,25": "ROULETTE BLOCK", "67,24": "ROULETTE BLOCK", "136,23": "ROULETTE BLOCK", "179,22": "ROULETTE BLOCK", "84,21": "ROULETTE BLOCK", "174,18": "ROULETTE BLOCK", "159,15": "ROULETTE BLOCK", "116,14": "ROULETTE BLOCK", "171,10": "ROULETTE BLOCK", "80,7": "ROULETTE BLOCK", "149,7": "ROULETTE BLOCK", "181,7": "ROULETTE BLOCK", "115,26": "ROULETTE BLOCK", "44,21": "ROULETTE BLOCK", "172,22": "ROULETTE BLOCK", "130,19": "ROULETTE BLOCK", "64,16": "ROULETTE BLOCK", "152,15": "ROULETTE BLOCK", "87,13": "ROULETTE BLOCK", "135,11": "ROULETTE BLOCK", "131,7": "ROULETTE BLOCK", "155,7": "ROULETTE BLOCK", "112,25": "ROULETTE BLOCK", "24,26": "ROULETTE BLOCK", "43,22": "ROULETTE BLOCK", "88,22": "ROULETTE BLOCK", "175,21": "ROULETTE BLOCK", "85,18": "ROULETTE BLOCK", "155,16": "ROULETTE BLOCK", "63,15": "ROULETTE BLOCK", "132,12": "ROULETTE BLOCK", "80,10": "ROULETTE BLOCK", "118,9": "ROULETTE BLOCK", "189,4": "ROULETTE BLOCK", "141,4": "ROULETTE BLOCK", "125,4": "ROULETTE BLOCK", "88,4": "ROULETTE BLOCK", "119,25": "ROULETTE BLOCK", "156,24": "ROULETTE BLOCK", "45,18": "ROULETTE BLOCK", "48,22": "ROULETTE BLOCK", "83,22": "ROULETTE BLOCK", "131,20": "ROULETTE BLOCK", "111,17": "ROULETTE BLOCK", "68,15": "ROULETTE BLOCK", "176,13": "ROULETTE BLOCK", "139,12": "ROULETTE BLOCK", "61,9": "ROULETTE BLOCK", "104,9": "ROULETTE BLOCK", "160,9": "ROULETTE BLOCK", "139,4": "ROULETTE BLOCK", "94,4": "ROULETTE BLOCK", "121,25": "ROULETTE BLOCK", "50,15": "ROULETTE BLOCK", "70,22": "ROULETTE BLOCK", "146,21": "ROULETTE BLOCK", "109,20": "ROULETTE BLOCK", "129,17": "ROULETTE BLOCK", "166,16": "ROULETTE BLOCK", "185,13": "ROULETTE BLOCK", "101,12": "ROULETTE BLOCK", "78,10": "ROULETTE BLOCK", "93,7": "ROULETTE BLOCK", "165,24": "ROULETTE BLOCK", "34,23": "ROULETTE BLOCK", "39,19": "ROULETTE BLOCK", "186,21": "ROULETTE BLOCK", "102,20": "ROULETTE BLOCK", "76,18": "ROULETTE BLOCK", "122,17": "ROULETTE BLOCK", "90,15": "ROULETTE BLOCK", "145,13": "ROULETTE BLOCK", "73,10": "ROULETTE BLOCK", "122,7": "ROULETTE BLOCK", "146,7": "ROULETTE BLOCK", "54,24": "ROULETTE BLOCK", "105,23": "ROULETTE BLOCK", "181,22": "ROULETTE BLOCK", "108,19": "ROULETTE BLOCK", "147,18": "ROULETTE BLOCK", "97,16": "ROULETTE BLOCK", "125,14": "ROULETTE BLOCK", "74,13": "ROULETTE BLOCK", "189,10": "ROULETTE BLOCK", "142,10": "ROULETTE BLOCK", "152,4": "ROULETTE BLOCK", "136,4": "ROULETTE BLOCK", "126,26": "ROULETTE BLOCK", "94,24": "ROULETTE BLOCK", "38,20": "ROULETTE BLOCK", "57,16": "ROULETTE BLOCK", "141,22": "ROULETTE BLOCK", "77,21": "ROULETTE BLOCK", "103,19": "ROULETTE BLOCK", "187,18": "ROULETTE BLOCK", "161,15": "ROULETTE BLOCK", "106,11": "ROULETTE BLOCK", "182,10": "ROULETTE BLOCK", "149,10": "ROULETTE BLOCK", "72,9": "ROULETTE BLOCK", "117,9": "ROULETTE BLOCK", "173,9": "ROULETTE BLOCK", "186,4": "ROULETTE BLOCK", "87,4": "ROULETTE BLOCK", "144,24": "ROULETTE BLOCK", "57,18": "ROULETTE BLOCK", "91,22": "ROULETTE BLOCK", "123,20": "ROULETTE BLOCK", "103,17": "ROULETTE BLOCK", "187,16": "ROULETTE BLOCK", "164,13": "ROULETTE BLOCK", "99,10": "ROULETTE BLOCK", "72,7": "ROULETTE BLOCK", "117,7": "ROULETTE BLOCK", "173,7": "ROULETTE BLOCK", "100,25": "ROULETTE BLOCK", "36,26": "ROULETTE BLOCK", "184,24": "ROULETTE BLOCK", "51,22": "ROULETTE BLOCK", "59,10": "ROULETTE BLOCK", "167,21": "ROULETTE BLOCK", "128,20": "ROULETTE BLOCK", "97,18": "ROULETTE BLOCK", "108,17": "ROULETTE BLOCK", "147,16": "ROULETTE BLOCK", "71,15": "ROULETTE BLOCK", "120,12": "ROULETTE BLOCK", "92,10": "ROULETTE BLOCK", "31,25": "ROULETTE BLOCK", "107,26": "ROULETTE BLOCK", "56,21": "ROULETTE BLOCK", "160,22": "ROULETTE BLOCK", "122,19": "ROULETTE BLOCK", "76,16": "ROULETTE BLOCK", "140,15": "ROULETTE BLOCK", "95,13": "ROULETTE BLOCK", "127,11": "ROULETTE BLOCK", "168,10": "ROULETTE BLOCK", "122,9": "ROULETTE BLOCK", "146,9": "ROULETTE BLOCK", "75,24": "ROULETTE BLOCK", "124,23": "ROULETTE BLOCK", "55,13": "ROULETTE BLOCK", "96,21": "ROULETTE BLOCK", "129,19": "ROULETTE BLOCK", "166,18": "ROULETTE BLOCK", "180,15": "ROULETTE BLOCK", "104,14": "ROULETTE BLOCK", "163,10": "ROULETTE BLOCK", "93,9": "ROULETTE BLOCK", "167,4": "ROULETTE BLOCK", "103,4": "ROULETTE BLOCK", "66,4": "ROULETTE BLOCK", "172,24": "ROULETTE BLOCK", "115,20": "ROULETTE BLOCK", "61,18": "ROULETTE BLOCK", "135,17": "ROULETTE BLOCK", "87,15": "ROULETTE BLOCK", "152,13": "ROULETTE BLOCK", "64,10": "ROULETTE BLOCK", "60,9": "ROULETTE BLOCK", "105,9": "ROULETTE BLOCK", "161,9": "ROULETTE BLOCK", "138,4": "ROULETTE BLOCK", "95,4": "ROULETTE BLOCK", "136,25": "ROULETTE BLOCK", "179,24": "ROULETTE BLOCK", "28,23": "ROULETTE BLOCK", "47,15": "ROULETTE BLOCK", "67,22": "ROULETTE BLOCK", "151,21": "ROULETTE BLOCK", "171,16": "ROULETTE BLOCK", "159,13": "ROULETTE BLOCK", "116,12": "ROULETTE BLOCK", "119,9": "ROULETTE BLOCK", "188,4": "ROULETTE BLOCK", "140,4": "ROULETTE BLOCK", "124,4": "ROULETTE BLOCK", "89,4": "ROULETTE BLOCK", "131,26": "ROULETTE BLOCK", "48,24": "ROULETTE BLOCK", "83,24": "ROULETTE BLOCK", "119,23": "ROULETTE BLOCK", "156,22": "ROULETTE BLOCK", "60,21": "ROULETTE BLOCK", "114,19": "ROULETTE BLOCK", "176,15": "ROULETTE BLOCK", "139,14": "ROULETTE BLOCK", "68,13": "ROULETTE BLOCK", "111,11": "ROULETTE BLOCK", "130,7": "ROULETTE BLOCK", "154,7": "ROULETTE BLOCK", "43,24": "ROULETTE BLOCK", "88,24": "ROULETTE BLOCK", "112,23": "ROULETTE BLOCK", "150,18": "ROULETTE BLOCK", "80,16": "ROULETTE BLOCK", "132,14": "ROULETTE BLOCK", "63,13": "ROULETTE BLOCK", "155,10": "ROULETTE BLOCK", "81,7": "ROULETTE BLOCK", "148,7": "ROULETTE BLOCK", "180,7": "ROULETTE BLOCK", "117,25": "ROULETTE BLOCK", "158,24": "ROULETTE BLOCK", "46,22": "ROULETTE BLOCK", "170,21": "ROULETTE BLOCK", "80,18": "ROULETTE BLOCK", "150,16": "ROULETTE BLOCK", "66,15": "ROULETTE BLOCK", "178,13": "ROULETTE BLOCK", "137,12": "ROULETTE BLOCK", "85,10": "ROULETTE BLOCK", "81,9": "ROULETTE BLOCK", "148,9": "ROULETTE BLOCK", "180,9": "ROULETTE BLOCK", "175,4": "ROULETTE BLOCK", "111,4": "ROULETTE BLOCK", "74,4": "ROULETTE BLOCK", "153,24": "ROULETTE BLOCK", "40,18": "ROULETTE BLOCK", "86,22": "ROULETTE BLOCK", "134,20": "ROULETTE BLOCK", "114,17": "ROULETTE BLOCK", "173,13": "ROULETTE BLOCK", "130,9": "ROULETTE BLOCK", "154,9": "ROULETTE BLOCK", "169,4": "ROULETTE BLOCK", "68,4": "ROULETTE BLOCK", "62,24": "ROULETTE BLOCK", "133,23": "ROULETTE BLOCK", "81,21": "ROULETTE BLOCK", "171,18": "ROULETTE BLOCK", "113,14": "ROULETTE BLOCK", "89,13": "ROULETTE BLOCK", "174,10": "ROULETTE BLOCK", "119,7": "ROULETTE BLOCK", "26,25": "ROULETTE BLOCK", "110,26": "ROULETTE BLOCK", "69,24": "ROULETTE BLOCK", "138,23": "ROULETTE BLOCK", "41,21": "ROULETTE BLOCK", "49,13": "ROULETTE BLOCK", "177,22": "ROULETTE BLOCK", "135,19": "ROULETTE BLOCK", "61,16": "ROULETTE BLOCK", "157,15": "ROULETTE BLOCK", "118,14": "ROULETTE BLOCK", "82,13": "ROULETTE BLOCK", "130,11": "ROULETTE BLOCK", "60,7": "ROULETTE BLOCK", "105,7": "ROULETTE BLOCK", "161,7": "ROULETTE BLOCK", "151,25": "ROULETTE BLOCK", "67,26": "ROULETTE BLOCK", "84,23": "ROULETTE BLOCK", "42,19": "ROULETTE BLOCK", "136,21": "ROULETTE BLOCK", "179,20": "ROULETTE BLOCK", "89,19": "ROULETTE BLOCK", "159,17": "ROULETTE BLOCK", "116,16": "ROULETTE BLOCK", "171,12": "ROULETTE BLOCK", "174,8": "ROULETTE BLOCK", "110,8": "ROULETTE BLOCK", "75,8": "ROULETTE BLOCK", "80,5": "ROULETTE BLOCK", "149,5": "ROULETTE BLOCK", "181,5": "ROULETTE BLOCK", "115,24": "ROULETTE BLOCK", "44,23": "ROULETTE BLOCK", "49,19": "ROULETTE BLOCK", "172,20": "ROULETTE BLOCK", "82,19": "ROULETTE BLOCK", "152,17": "ROULETTE BLOCK", "64,14": "ROULETTE BLOCK", "135,13": "ROULETTE BLOCK", "87,11": "ROULETTE BLOCK", "168,8": "ROULETTE BLOCK", "69,8": "ROULETTE BLOCK", "131,5": "ROULETTE BLOCK", "155,5": "ROULETTE BLOCK", "175,23": "ROULETTE BLOCK", "43,20": "ROULETTE BLOCK", "88,20": "ROULETTE BLOCK", "178,19": "ROULETTE BLOCK", "137,18": "ROULETTE BLOCK", "63,17": "ROULETTE BLOCK", "155,14": "ROULETTE BLOCK", "80,12": "ROULETTE BLOCK", "132,10": "ROULETTE BLOCK", "189,6": "ROULETTE BLOCK", "141,6": "ROULETTE BLOCK", "125,6": "ROULETTE BLOCK", "88,6": "ROULETTE BLOCK", "60,25": "ROULETTE BLOCK", "156,26": "ROULETTE BLOCK", "48,20": "ROULETTE BLOCK", "131,22": "ROULETTE BLOCK", "83,20": "ROULETTE BLOCK", "173,19": "ROULETTE BLOCK", "68,17": "ROULETTE BLOCK", "111,15": "ROULETTE BLOCK", "176,11": "ROULETTE BLOCK", "139,10": "ROULETTE BLOCK", "139,6": "ROULETTE BLOCK", "94,6": "ROULETTE BLOCK", "86,26": "ROULETTE BLOCK", "134,24": "ROULETTE BLOCK", "65,23": "ROULETTE BLOCK", "153,20": "ROULETTE BLOCK", "68,19": "ROULETTE BLOCK", "173,17": "ROULETTE BLOCK", "114,13": "ROULETTE BLOCK", "139,8": "ROULETTE BLOCK", "94,8": "ROULETTE BLOCK", "104,5": "ROULETTE BLOCK", "160,5": "ROULETTE BLOCK", "68,0": "MESSAGE BLOCK", "170,25": "ROULETTE BLOCK", "46,26": "ROULETTE BLOCK", "117,21": "ROULETTE BLOCK", "158,20": "ROULETTE BLOCK", "63,19": "ROULETTE BLOCK", "178,17": "ROULETTE BLOCK", "137,16": "ROULETTE BLOCK", "85,14": "ROULETTE BLOCK", "150,12": "ROULETTE BLOCK", "66,11": "ROULETTE BLOCK", "189,8": "ROULETTE BLOCK", "141,8": "ROULETTE BLOCK", "125,8": "ROULETTE BLOCK", "88,8": "ROULETTE BLOCK", "118,5": "ROULETTE BLOCK", "41,25": "ROULETTE BLOCK", "177,26": "ROULETTE BLOCK", "49,17": "ROULETTE BLOCK", "110,22": "ROULETTE BLOCK", "69,20": "ROULETTE BLOCK", "152,19": "ROULETTE BLOCK", "82,17": "ROULETTE BLOCK", "130,15": "ROULETTE BLOCK", "61,12": "ROULETTE BLOCK", "157,11": "ROULETTE BLOCK", "118,10": "ROULETTE BLOCK", "168,6": "ROULETTE BLOCK", "69,6": "ROULETTE BLOCK", "81,25": "ROULETTE BLOCK", "154,23": "ROULETTE BLOCK", "42,17": "ROULETTE BLOCK", "62,20": "ROULETTE BLOCK", "159,19": "ROULETTE BLOCK", "116,18": "ROULETTE BLOCK", "89,17": "ROULETTE BLOCK", "174,14": "ROULETTE BLOCK", "113,10": "ROULETTE BLOCK", "174,6": "ROULETTE BLOCK", "110,6": "ROULETTE BLOCK", "75,6": "ROULETTE BLOCK", "186,25": "ROULETTE BLOCK", "102,24": "ROULETTE BLOCK", "53,23": "ROULETTE BLOCK", "98,23": "ROULETTE BLOCK", "165,20": "ROULETTE BLOCK", "95,19": "ROULETTE BLOCK", "145,17": "ROULETTE BLOCK", "73,14": "ROULETTE BLOCK", "122,13": "ROULETTE BLOCK", "90,11": "ROULETTE BLOCK", "187,6": "ROULETTE BLOCK", "86,6": "ROULETTE BLOCK", "146,25": "ROULETTE BLOCK", "70,26": "ROULETTE BLOCK", "109,24": "ROULETTE BLOCK", "58,23": "ROULETTE BLOCK", "93,23": "ROULETTE BLOCK", "55,19": "ROULETTE BLOCK", "121,21": "ROULETTE BLOCK", "185,17": "ROULETTE BLOCK", "101,16": "ROULETTE BLOCK", "78,14": "ROULETTE BLOCK", "129,13": "ROULETTE BLOCK", "166,12": "ROULETTE BLOCK", "153,6": "ROULETTE BLOCK", "137,6": "ROULETTE BLOCK", "186,0": "MESSAGE BLOCK", "77,25": "ROULETTE BLOCK", "141,26": "ROULETTE BLOCK", "38,24": "ROULETTE BLOCK", "169,23": "ROULETTE BLOCK", "57,12": "ROULETTE BLOCK", "126,22": "ROULETTE BLOCK", "94,20": "ROULETTE BLOCK", "164,19": "ROULETTE BLOCK", "106,15": "ROULETTE BLOCK", "182,14": "ROULETTE BLOCK", "149,14": "ROULETTE BLOCK", "161,11": "ROULETTE BLOCK", "123,5": "ROULETTE BLOCK", "147,5": "ROULETTE BLOCK", "181,26": "ROULETTE BLOCK", "33,24": "ROULETTE BLOCK", "162,23": "ROULETTE BLOCK", "54,20": "ROULETTE BLOCK", "120,18": "ROULETTE BLOCK", "74,17": "ROULETTE BLOCK", "189,14": "ROULETTE BLOCK", "142,14": "ROULETTE BLOCK", "97,12": "ROULETTE BLOCK", "125,10": "ROULETTE BLOCK", "166,8": "ROULETTE BLOCK", "102,8": "ROULETTE BLOCK", "67,8": "ROULETTE BLOCK", "92,5": "ROULETTE BLOCK", "167,25": "ROULETTE BLOCK", "51,26": "ROULETTE BLOCK", "128,24": "ROULETTE BLOCK", "79,23": "ROULETTE BLOCK", "36,22": "ROULETTE BLOCK", "59,14": "ROULETTE BLOCK", "100,21": "ROULETTE BLOCK", "184,20": "ROULETTE BLOCK", "74,19": "ROULETTE BLOCK", "120,16": "ROULETTE BLOCK", "92,14": "ROULETTE BLOCK", "108,13": "ROULETTE BLOCK", "147,12": "ROULETTE BLOCK", "71,11": "ROULETTE BLOCK", "67,6": "ROULETTE BLOCK", "166,6": "ROULETTE BLOCK", "102,6": "ROULETTE BLOCK", "91,26": "ROULETTE BLOCK", "123,24": "ROULETTE BLOCK", "72,23": "ROULETTE BLOCK", "52,14": "ROULETTE BLOCK", "144,20": "ROULETTE BLOCK", "164,17": "ROULETTE BLOCK", "99,14": "ROULETTE BLOCK", "103,13": "ROULETTE BLOCK", "187,12": "ROULETTE BLOCK", "96,25": "ROULETTE BLOCK", "143,23": "ROULETTE BLOCK", "188,23": "ROULETTE BLOCK", "55,17": "ROULETTE BLOCK", "75,20": "ROULETTE BLOCK", "185,19": "ROULETTE BLOCK", "101,18": "ROULETTE BLOCK", "163,14": "ROULETTE BLOCK", "180,11": "ROULETTE BLOCK", "104,10": "ROULETTE BLOCK", "153,8": "ROULETTE BLOCK", "137,8": "ROULETTE BLOCK", "56,25": "ROULETTE BLOCK", "160,26": "ROULETTE BLOCK", "148,23": "ROULETTE BLOCK", "183,23": "ROULETTE BLOCK", "107,22": "ROULETTE BLOCK", "145,19": "ROULETTE BLOCK", "95,17": "ROULETTE BLOCK", "127,15": "ROULETTE BLOCK", "168,14": "ROULETTE BLOCK", "76,12": "ROULETTE BLOCK", "140,11": "ROULETTE BLOCK", "187,8": "ROULETTE BLOCK", "86,8": "ROULETTE BLOCK", "73,5": "ROULETTE BLOCK", "116,5": "ROULETTE BLOCK", "172,5": "ROULETTE BLOCK", "101,25": "ROULETTE BLOCK", "37,26": "ROULETTE BLOCK", "185,24": "ROULETTE BLOCK", "50,22": "ROULETTE BLOCK", "58,10": "ROULETTE BLOCK", "166,21": "ROULETTE BLOCK", "129,20": "ROULETTE BLOCK", "96,18": "ROULETTE BLOCK", "109,17": "ROULETTE BLOCK", "146,16": "ROULETTE BLOCK", "70,15": "ROULETTE BLOCK", "121,12": "ROULETTE BLOCK", "93,10": "ROULETTE BLOCK", "145,24": "ROULETTE BLOCK", "56,18": "ROULETTE BLOCK", "90,22": "ROULETTE BLOCK", "122,20": "ROULETTE BLOCK", "102,17": "ROULETTE BLOCK", "186,16": "ROULETTE BLOCK", "165,13": "ROULETTE BLOCK", "98,10": "ROULETTE BLOCK", "62,7": "ROULETTE BLOCK", "107,7": "ROULETTE BLOCK", "163,7": "ROULETTE BLOCK", "74,24": "ROULETTE BLOCK", "125,23": "ROULETTE BLOCK", "54,13": "ROULETTE BLOCK", "97,21": "ROULETTE BLOCK", "128,19": "ROULETTE BLOCK", "167,18": "ROULETTE BLOCK", "181,15": "ROULETTE BLOCK", "105,14": "ROULETTE BLOCK", "162,10": "ROULETTE BLOCK", "83,9": "ROULETTE BLOCK", "182,9": "ROULETTE BLOCK", "177,4": "ROULETTE BLOCK", "113,4": "ROULETTE BLOCK", "76,4": "ROULETTE BLOCK", "30,25": "ROULETTE BLOCK", "106,26": "ROULETTE BLOCK", "57,9": "ROULETTE BLOCK", "57,21": "ROULETTE BLOCK", "161,22": "ROULETTE BLOCK", "123,19": "ROULETTE BLOCK", "77,16": "ROULETTE BLOCK", "141,15": "ROULETTE BLOCK", "94,13": "ROULETTE BLOCK", "126,11": "ROULETTE BLOCK", "169,10": "ROULETTE BLOCK", "132,9": "ROULETTE BLOCK", "156,9": "ROULETTE BLOCK", "1,23": "MARIO", "164,24": "ROULETTE BLOCK", "35,23": "ROULETTE BLOCK", "38,19": "ROULETTE BLOCK", "187,21": "ROULETTE BLOCK", "103,20": "ROULETTE BLOCK", "77,18": "ROULETTE BLOCK", "123,17": "ROULETTE BLOCK", "91,15": "ROULETTE BLOCK", "144,13": "ROULETTE BLOCK", "72,10": "ROULETTE BLOCK", "132,7": "ROULETTE BLOCK", "156,7": "ROULETTE BLOCK", "120,25": "ROULETTE BLOCK", "51,15": "ROULETTE BLOCK", "71,22": "ROULETTE BLOCK", "147,21": "ROULETTE BLOCK", "108,20": "ROULETTE BLOCK", "128,17": "ROULETTE BLOCK", "167,16": "ROULETTE BLOCK", "184,13": "ROULETTE BLOCK", "100,12": "ROULETTE BLOCK", "79,10": "ROULETTE BLOCK", "83,7": "ROULETTE BLOCK", "182,7": "ROULETTE BLOCK", "127,26": "ROULETTE BLOCK", "95,24": "ROULETTE BLOCK", "39,20": "ROULETTE BLOCK", "56,16": "ROULETTE BLOCK", "140,22": "ROULETTE BLOCK", "76,21": "ROULETTE BLOCK", "102,19": "ROULETTE BLOCK", "186,18": "ROULETTE BLOCK", "160,15": "ROULETTE BLOCK", "107,11": "ROULETTE BLOCK", "183,10": "ROULETTE BLOCK", "148,10": "ROULETTE BLOCK", "62,9": "ROULETTE BLOCK", "107,9": "ROULETTE BLOCK", "163,9": "ROULETTE BLOCK", "97,4": "ROULETTE BLOCK", "55,24": "ROULETTE BLOCK", "104,23": "ROULETTE BLOCK", "180,22": "ROULETTE BLOCK", "109,19": "ROULETTE BLOCK", "146,18": "ROULETTE BLOCK", "96,16": "ROULETTE BLOCK", "124,14": "ROULETTE BLOCK", "75,13": "ROULETTE BLOCK", "188,10": "ROULETTE BLOCK", "143,10": "ROULETTE BLOCK", "142,4": "ROULETTE BLOCK", "126,4": "ROULETTE BLOCK", "152,24": "ROULETTE BLOCK", "41,18": "ROULETTE BLOCK", "87,22": "ROULETTE BLOCK", "135,20": "ROULETTE BLOCK", "115,17": "ROULETTE BLOCK", "172,13": "ROULETTE BLOCK", "120,9": "ROULETTE BLOCK", "144,9": "ROULETTE BLOCK", "179,4": "ROULETTE BLOCK", "78,4": "ROULETTE BLOCK", "116,25": "ROULETTE BLOCK", "159,24": "ROULETTE BLOCK", "47,22": "ROULETTE BLOCK", "59,9": "ROULETTE BLOCK", "171,21": "ROULETTE BLOCK", "81,18": "ROULETTE BLOCK", "151,16": "ROULETTE BLOCK", "67,15": "ROULETTE BLOCK", "179,13": "ROULETTE BLOCK", "136,12": "ROULETTE BLOCK", "84,10": "ROULETTE BLOCK", "91,9": "ROULETTE BLOCK", "158,9": "ROULETTE BLOCK", "165,4": "ROULETTE BLOCK", "101,4": "ROULETTE BLOCK", "27,25": "ROULETTE BLOCK", "111,26": "ROULETTE BLOCK", "68,24": "ROULETTE BLOCK", "139,23": "ROULETTE BLOCK", "40,21": "ROULETTE BLOCK", "48,13": "ROULETTE BLOCK", "176,22": "ROULETTE BLOCK", "134,19": "ROULETTE BLOCK", "60,16": "ROULETTE BLOCK", "156,15": "ROULETTE BLOCK", "119,14": "ROULETTE BLOCK", "83,13": "ROULETTE BLOCK", "131,11": "ROULETTE BLOCK", "70,7": "ROULETTE BLOCK", "115,7": "ROULETTE BLOCK", "171,7": "ROULETTE BLOCK", "63,24": "ROULETTE BLOCK", "132,23": "ROULETTE BLOCK", "80,21": "ROULETTE BLOCK", "170,18": "ROULETTE BLOCK", "112,14": "ROULETTE BLOCK", "88,13": "ROULETTE BLOCK", "175,10": "ROULETTE BLOCK", "109,7": "ROULETTE BLOCK", "137,25": "ROULETTE BLOCK", "178,24": "ROULETTE BLOCK", "29,23": "ROULETTE BLOCK", "46,15": "ROULETTE BLOCK", "66,22": "ROULETTE BLOCK", "150,21": "ROULETTE BLOCK", "170,16": "ROULETTE BLOCK", "158,13": "ROULETTE BLOCK", "117,12": "ROULETTE BLOCK", "109,9": "ROULETTE BLOCK", "150,4": "ROULETTE BLOCK", "134,4": "ROULETTE BLOCK", "99,4": "ROULETTE BLOCK", "173,24": "ROULETTE BLOCK", "114,20": "ROULETTE BLOCK", "60,18": "ROULETTE BLOCK", "134,17": "ROULETTE BLOCK", "86,15": "ROULETTE BLOCK", "153,13": "ROULETTE BLOCK", "65,10": "ROULETTE BLOCK", "70,9": "ROULETTE BLOCK", "115,9": "ROULETTE BLOCK", "171,9": "ROULETTE BLOCK", "184,4": "ROULETTE BLOCK", "128,4": "ROULETTE BLOCK", "85,4": "ROULETTE BLOCK", "42,24": "ROULETTE BLOCK", "89,24": "ROULETTE BLOCK", "113,23": "ROULETTE BLOCK", "151,18": "ROULETTE BLOCK", "81,16": "ROULETTE BLOCK", "133,14": "ROULETTE BLOCK", "62,13": "ROULETTE BLOCK", "154,10": "ROULETTE BLOCK", "91,7": "ROULETTE BLOCK", "158,7": "ROULETTE BLOCK", "130,26": "ROULETTE BLOCK", "49,24": "ROULETTE BLOCK", "82,24": "ROULETTE BLOCK", "118,23": "ROULETTE BLOCK", "157,22": "ROULETTE BLOCK", "61,21": "ROULETTE BLOCK", "115,19": "ROULETTE BLOCK", "177,15": "ROULETTE BLOCK", "138,14": "ROULETTE BLOCK", "69,13": "ROULETTE BLOCK", "110,11": "ROULETTE BLOCK", "120,7": "ROULETTE BLOCK", "144,7": "ROULETTE BLOCK", "171,25": "ROULETTE BLOCK", "47,26": "ROULETTE BLOCK", "116,21": "ROULETTE BLOCK", "159,20": "ROULETTE BLOCK", "62,19": "ROULETTE BLOCK", "179,17": "ROULETTE BLOCK", "136,16": "ROULETTE BLOCK", "84,14": "ROULETTE BLOCK", "151,12": "ROULETTE BLOCK", "67,11": "ROULETTE BLOCK", "151,8": "ROULETTE BLOCK", "135,8": "ROULETTE BLOCK", "98,8": "ROULETTE BLOCK", "108,5": "ROULETTE BLOCK", "87,26": "ROULETTE BLOCK", "135,24": "ROULETTE BLOCK", "64,23": "ROULETTE BLOCK", "152,20": "ROULETTE BLOCK", "69,19": "ROULETTE BLOCK", "172,17": "ROULETTE BLOCK", "115,13": "ROULETTE BLOCK", "185,8": "ROULETTE BLOCK", "129,8": "ROULETTE BLOCK", "84,8": "ROULETTE BLOCK", "71,5": "ROULETTE BLOCK", "114,5": "ROULETTE BLOCK", "170,5": "ROULETTE BLOCK", "80,25": "ROULETTE BLOCK", "155,23": "ROULETTE BLOCK", "43,17": "ROULETTE BLOCK", "63,20": "ROULETTE BLOCK", "158,19": "ROULETTE BLOCK", "117,18": "ROULETTE BLOCK", "88,17": "ROULETTE BLOCK", "175,14": "ROULETTE BLOCK", "112,10": "ROULETTE BLOCK", "65,6": "ROULETTE BLOCK", "164,6": "ROULETTE BLOCK", "100,6": "ROULETTE BLOCK", "40,25": "ROULETTE BLOCK", "176,26": "ROULETTE BLOCK", "48,17": "ROULETTE BLOCK", "111,22": "ROULETTE BLOCK", "68,20": "ROULETTE BLOCK", "153,19": "ROULETTE BLOCK", "83,17": "ROULETTE BLOCK", "131,15": "ROULETTE BLOCK", "60,12": "ROULETTE BLOCK", "156,11": "ROULETTE BLOCK", "119,10": "ROULETTE BLOCK", "178,6": "ROULETTE BLOCK", "79,6": "ROULETTE BLOCK", "114,24": "ROULETTE BLOCK", "45,23": "ROULETTE BLOCK", "48,19": "ROULETTE BLOCK", "173,20": "ROULETTE BLOCK", "83,19": "ROULETTE BLOCK", "153,17": "ROULETTE BLOCK", "65,14": "ROULETTE BLOCK", "134,13": "ROULETTE BLOCK", "86,11": "ROULETTE BLOCK", "178,8": "ROULETTE BLOCK", "79,8": "ROULETTE BLOCK", "121,5": "ROULETTE BLOCK", "145,5": "ROULETTE BLOCK", "150,25": "ROULETTE BLOCK", "66,26": "ROULETTE BLOCK", "85,23": "ROULETTE BLOCK", "43,19": "ROULETTE BLOCK", "137,21": "ROULETTE BLOCK", "178,20": "ROULETTE BLOCK", "88,19": "ROULETTE BLOCK", "158,17": "ROULETTE BLOCK", "117,16": "ROULETTE BLOCK", "170,12": "ROULETTE BLOCK", "164,8": "ROULETTE BLOCK", "100,8": "ROULETTE BLOCK", "65,8": "ROULETTE BLOCK", "90,5": "ROULETTE BLOCK", "159,5": "ROULETTE BLOCK", "61,25": "ROULETTE BLOCK", "157,26": "ROULETTE BLOCK", "49,20": "ROULETTE BLOCK", "130,22": "ROULETTE BLOCK", "82,20": "ROULETTE BLOCK", "172,19": "ROULETTE BLOCK", "69,17": "ROULETTE BLOCK", "110,15": "ROULETTE BLOCK", "177,11": "ROULETTE BLOCK", "138,10": "ROULETTE BLOCK", "185,6": "ROULETTE BLOCK", "129,6": "ROULETTE BLOCK", "84,6": "ROULETTE BLOCK", "174,23": "ROULETTE BLOCK", "42,20": "ROULETTE BLOCK", "89,20": "ROULETTE BLOCK", "179,19": "ROULETTE BLOCK", "136,18": "ROULETTE BLOCK", "62,17": "ROULETTE BLOCK", "154,14": "ROULETTE BLOCK", "81,12": "ROULETTE BLOCK", "133,10": "ROULETTE BLOCK", "151,6": "ROULETTE BLOCK", "135,6": "ROULETTE BLOCK", "98,6": "ROULETTE BLOCK", "90,26": "ROULETTE BLOCK", "122,24": "ROULETTE BLOCK", "73,23": "ROULETTE BLOCK", "53,14": "ROULETTE BLOCK", "145,20": "ROULETTE BLOCK", "165,17": "ROULETTE BLOCK", "98,14": "ROULETTE BLOCK", "102,13": "ROULETTE BLOCK", "186,12": "ROULETTE BLOCK", "166,25": "ROULETTE BLOCK", "50,26": "ROULETTE BLOCK", "129,24": "ROULETTE BLOCK", "78,23": "ROULETTE BLOCK", "37,22": "ROULETTE BLOCK", "58,14": "ROULETTE BLOCK", "101,21": "ROULETTE BLOCK", "185,20": "ROULETTE BLOCK", "75,19": "ROULETTE BLOCK", "121,16": "ROULETTE BLOCK", "93,14": "ROULETTE BLOCK", "109,13": "ROULETTE BLOCK", "146,12": "ROULETTE BLOCK", "70,11": "ROULETTE BLOCK", "176,6": "ROULETTE BLOCK", "112,6": "ROULETTE BLOCK", "77,6": "ROULETTE BLOCK", "57,25": "ROULETTE BLOCK", "161,26": "ROULETTE BLOCK", "149,23": "ROULETTE BLOCK", "182,23": "ROULETTE BLOCK", "106,22": "ROULETTE BLOCK", "144,19": "ROULETTE BLOCK", "94,17": "ROULETTE BLOCK", "126,15": "ROULETTE BLOCK", "169,14": "ROULETTE BLOCK", "77,12": "ROULETTE BLOCK", "141,11": "ROULETTE BLOCK", "96,8": "ROULETTE BLOCK", "106,5": "ROULETTE BLOCK", "162,5": "ROULETTE BLOCK", "97,25": "ROULETTE BLOCK", "142,23": "ROULETTE BLOCK", "189,23": "ROULETTE BLOCK", "54,17": "ROULETTE BLOCK", "74,20": "ROULETTE BLOCK", "184,19": "ROULETTE BLOCK", "100,18": "ROULETTE BLOCK", "162,14": "ROULETTE BLOCK", "181,11": "ROULETTE BLOCK", "105,10": "ROULETTE BLOCK", "143,8": "ROULETTE BLOCK", "127,8": "ROULETTE BLOCK", "147,25": "ROULETTE BLOCK", "71,26": "ROULETTE BLOCK", "108,24": "ROULETTE BLOCK", "59,23": "ROULETTE BLOCK", "92,23": "ROULETTE BLOCK", "54,19": "ROULETTE BLOCK", "120,21": "ROULETTE BLOCK", "184,17": "ROULETTE BLOCK", "100,16": "ROULETTE BLOCK", "79,14": "ROULETTE BLOCK", "128,13": "ROULETTE BLOCK", "167,12": "ROULETTE BLOCK", "143,6": "ROULETTE BLOCK", "127,6": "ROULETTE BLOCK", "187,25": "ROULETTE BLOCK", "103,24": "ROULETTE BLOCK", "52,23": "ROULETTE BLOCK", "99,23": "ROULETTE BLOCK", "164,20": "ROULETTE BLOCK", "94,19": "ROULETTE BLOCK", "144,17": "ROULETTE BLOCK", "72,14": "ROULETTE BLOCK", "123,13": "ROULETTE BLOCK", "91,11": "ROULETTE BLOCK", "96,6": "ROULETTE BLOCK", "180,26": "ROULETTE BLOCK", "32,24": "ROULETTE BLOCK", "163,23": "ROULETTE BLOCK", "55,20": "ROULETTE BLOCK", "121,18": "ROULETTE BLOCK", "75,17": "ROULETTE BLOCK", "188,14": "ROULETTE BLOCK", "143,14": "ROULETTE BLOCK", "96,12": "ROULETTE BLOCK", "124,10": "ROULETTE BLOCK", "176,8": "ROULETTE BLOCK", "112,8": "ROULETTE BLOCK", "77,8": "ROULETTE BLOCK", "82,5": "ROULETTE BLOCK", "183,5": "ROULETTE BLOCK", "76,25": "ROULETTE BLOCK", "140,26": "ROULETTE BLOCK", "39,24": "ROULETTE BLOCK", "168,23": "ROULETTE BLOCK", "56,12": "ROULETTE BLOCK", "127,22": "ROULETTE BLOCK", "95,20": "ROULETTE BLOCK", "165,19": "ROULETTE BLOCK", "107,15": "ROULETTE BLOCK", "183,14": "ROULETTE BLOCK", "148,14": "ROULETTE BLOCK", "160,11": "ROULETTE BLOCK", "133,5": "ROULETTE BLOCK", "157,5": "ROULETTE BLOCK", "85,25": "ROULETTE BLOCK", "178,26": "ROULETTE BLOCK", "150,23": "ROULETTE BLOCK", "46,17": "ROULETTE BLOCK", "66,20": "ROULETTE BLOCK", "112,18": "ROULETTE BLOCK", "170,14": "ROULETTE BLOCK", "158,11": "ROULETTE BLOCK", "117,10": "ROULETTE BLOCK", "150,6": "ROULETTE BLOCK", "134,6": "ROULETTE BLOCK", "99,6": "ROULETTE BLOCK", "45,25": "ROULETTE BLOCK", "173,26": "ROULETTE BLOCK", "114,22": "ROULETTE BLOCK", "156,19": "ROULETTE BLOCK", "119,18": "ROULETTE BLOCK", "86,17": "ROULETTE BLOCK", "134,15": "ROULETTE BLOCK", "65,12": "ROULETTE BLOCK", "153,11": "ROULETTE BLOCK", "184,6": "ROULETTE BLOCK", "128,6": "ROULETTE BLOCK", "85,6": "ROULETTE BLOCK", "174,25": "ROULETTE BLOCK", "42,26": "ROULETTE BLOCK", "89,26": "ROULETTE BLOCK", "113,21": "ROULETTE BLOCK", "67,19": "ROULETTE BLOCK", "133,16": "ROULETTE BLOCK", "81,14": "ROULETTE BLOCK", "154,12": "ROULETTE BLOCK", "62,11": "ROULETTE BLOCK", "165,8": "ROULETTE BLOCK", "101,8": "ROULETTE BLOCK", "64,8": "ROULETTE BLOCK", "91,5": "ROULETTE BLOCK", "158,5": "ROULETTE BLOCK", "49,26": "ROULETTE BLOCK", "82,26": "ROULETTE BLOCK", "130,24": "ROULETTE BLOCK", "61,23": "ROULETTE BLOCK", "118,21": "ROULETTE BLOCK", "157,20": "ROULETTE BLOCK", "177,17": "ROULETTE BLOCK", "138,16": "ROULETTE BLOCK", "110,13": "ROULETTE BLOCK", "69,11": "ROULETTE BLOCK", "179,8": "ROULETTE BLOCK", "78,8": "ROULETTE BLOCK", "120,5": "ROULETTE BLOCK", "144,5": "ROULETTE BLOCK", "64,25": "ROULETTE BLOCK", "152,26": "ROULETTE BLOCK", "135,22": "ROULETTE BLOCK", "87,20": "ROULETTE BLOCK", "177,19": "ROULETTE BLOCK", "138,18": "ROULETTE BLOCK", "115,15": "ROULETTE BLOCK", "172,11": "ROULETTE BLOCK", "179,6": "ROULETTE BLOCK", "78,6": "ROULETTE BLOCK", "159,26": "ROULETTE BLOCK", "171,23": "ROULETTE BLOCK", "47,20": "ROULETTE BLOCK", "133,18": "ROULETTE BLOCK", "67,17": "ROULETTE BLOCK", "151,14": "ROULETTE BLOCK", "84,12": "ROULETTE BLOCK", "179,11": "ROULETTE BLOCK", "136,10": "ROULETTE BLOCK", "64,6": "ROULETTE BLOCK", "165,6": "ROULETTE BLOCK", "101,6": "ROULETTE BLOCK", "68,26": "ROULETTE BLOCK", "111,24": "ROULETTE BLOCK", "40,23": "ROULETTE BLOCK", "139,21": "ROULETTE BLOCK", "176,20": "ROULETTE BLOCK", "86,19": "ROULETTE BLOCK", "156,17": "ROULETTE BLOCK", "119,16": "ROULETTE BLOCK", "60,14": "ROULETTE BLOCK", "131,13": "ROULETTE BLOCK", "83,11": "ROULETTE BLOCK", "184,8": "ROULETTE BLOCK", "128,8": "ROULETTE BLOCK", "85,8": "ROULETTE BLOCK", "70,5": "ROULETTE BLOCK", "115,5": "ROULETTE BLOCK", "171,5": "ROULETTE BLOCK", "155,25": "ROULETTE BLOCK", "63,26": "ROULETTE BLOCK", "80,23": "ROULETTE BLOCK", "46,19": "ROULETTE BLOCK", "132,21": "ROULETTE BLOCK", "112,16": "ROULETTE BLOCK", "175,12": "ROULETTE BLOCK", "88,11": "ROULETTE BLOCK", "150,8": "ROULETTE BLOCK", "134,8": "ROULETTE BLOCK", "99,8": "ROULETTE BLOCK", "109,5": "ROULETTE BLOCK", "52,25": "ROULETTE BLOCK", "99,25": "ROULETTE BLOCK", "164,26": "ROULETTE BLOCK", "187,23": "ROULETTE BLOCK", "35,21": "ROULETTE BLOCK", "103,22": "ROULETTE BLOCK", "141,19": "ROULETTE BLOCK", "91,17": "ROULETTE BLOCK", "123,15": "ROULETTE BLOCK", "72,12": "ROULETTE BLOCK", "144,11": "ROULETTE BLOCK", "132,5": "ROULETTE BLOCK", "156,5": "ROULETTE BLOCK", "59,25": "ROULETTE BLOCK", "92,25": "ROULETTE BLOCK", "147,23": "ROULETTE BLOCK", "51,17": "ROULETTE BLOCK", "108,22": "ROULETTE BLOCK", "71,20": "ROULETTE BLOCK", "181,19": "ROULETTE BLOCK", "105,18": "ROULETTE BLOCK", "128,15": "ROULETTE BLOCK", "167,14": "ROULETTE BLOCK", "79,12": "ROULETTE BLOCK", "184,11": "ROULETTE BLOCK", "100,10": "ROULETTE BLOCK", "177,8": "ROULETTE BLOCK", "113,8": "ROULETTE BLOCK", "76,8": "ROULETTE BLOCK", "83,5": "ROULETTE BLOCK", "182,5": "ROULETTE BLOCK", "168,25": "ROULETTE BLOCK", "95,26": "ROULETTE BLOCK", "127,24": "ROULETTE BLOCK", "76,23": "ROULETTE BLOCK", "39,22": "ROULETTE BLOCK", "56,14": "ROULETTE BLOCK", "140,20": "ROULETTE BLOCK", "160,17": "ROULETTE BLOCK", "107,13": "ROULETTE BLOCK", "183,12": "ROULETTE BLOCK", "148,12": "ROULETTE BLOCK", "97,6": "ROULETTE BLOCK", "163,25": "ROULETTE BLOCK", "55,26": "ROULETTE BLOCK", "32,22": "ROULETTE BLOCK", "104,21": "ROULETTE BLOCK", "180,20": "ROULETTE BLOCK", "70,19": "ROULETTE BLOCK", "124,16": "ROULETTE BLOCK", "96,14": "ROULETTE BLOCK", "188,12": "ROULETTE BLOCK", "143,12": "ROULETTE BLOCK", "75,11": "ROULETTE BLOCK", "142,6": "ROULETTE BLOCK", "126,6": "ROULETTE BLOCK", "78,25": "ROULETTE BLOCK", "185,26": "ROULETTE BLOCK", "37,24": "ROULETTE BLOCK", "166,23": "ROULETTE BLOCK", "50,20": "ROULETTE BLOCK", "58,12": "ROULETTE BLOCK", "129,22": "ROULETTE BLOCK", "124,18": "ROULETTE BLOCK", "70,17": "ROULETTE BLOCK", "109,15": "ROULETTE BLOCK", "146,14": "ROULETTE BLOCK", "93,12": "ROULETTE BLOCK", "121,10": "ROULETTE BLOCK", "142,8": "ROULETTE BLOCK", "126,8": "ROULETTE BLOCK", "73,25": "ROULETTE BLOCK", "145,26": "ROULETTE BLOCK", "53,12": "ROULETTE BLOCK", "122,22": "ROULETTE BLOCK", "90,20": "ROULETTE BLOCK", "160,19": "ROULETTE BLOCK", "102,15": "ROULETTE BLOCK", "186,14": "ROULETTE BLOCK", "98,12": "ROULETTE BLOCK", "165,11": "ROULETTE BLOCK", "97,8": "ROULETTE BLOCK", "107,5": "ROULETTE BLOCK", "163,5": "ROULETTE BLOCK", "142,25": "ROULETTE BLOCK", "189,25": "ROULETTE BLOCK", "74,26": "ROULETTE BLOCK", "97,23": "ROULETTE BLOCK", "51,19": "ROULETTE BLOCK", "54,11": "ROULETTE BLOCK", "125,21": "ROULETTE BLOCK", "181,17": "ROULETTE BLOCK", "105,16": "ROULETTE BLOCK", "162,12": "ROULETTE BLOCK", "177,6": "ROULETTE BLOCK", "113,6": "ROULETTE BLOCK", "76,6": "ROULETTE BLOCK", "149,25": "ROULETTE BLOCK", "182,25": "ROULETTE BLOCK", "106,24": "ROULETTE BLOCK", "57,23": "ROULETTE BLOCK", "161,20": "ROULETTE BLOCK", "91,19": "ROULETTE BLOCK", "141,17": "ROULETTE BLOCK", "77,14": "ROULETTE BLOCK", "126,13": "ROULETTE BLOCK", "169,12": "ROULETTE BLOCK", "94,11": "ROULETTE BLOCK", "108,26": "ROULETTE BLOCK", "71,24": "ROULETTE BLOCK", "120,23": "ROULETTE BLOCK", "51,13": "ROULETTE BLOCK", "59,21": "ROULETTE BLOCK", "92,21": "ROULETTE BLOCK", "162,18": "ROULETTE BLOCK", "79,16": "ROULETTE BLOCK", "184,15": "ROULETTE BLOCK", "100,14": "ROULETTE BLOCK", "128,11": "ROULETTE BLOCK", "167,10": "ROULETTE BLOCK", "143,4": "ROULETTE BLOCK", "127,4": "ROULETTE BLOCK", "35,25": "ROULETTE BLOCK", "103,26": "ROULETTE BLOCK", "52,21": "ROULETTE BLOCK", "164,22": "ROULETTE BLOCK", "99,21": "ROULETTE BLOCK", "126,19": "ROULETTE BLOCK", "169,18": "ROULETTE BLOCK", "72,16": "ROULETTE BLOCK", "144,15": "ROULETTE BLOCK", "91,13": "ROULETTE BLOCK", "123,11": "ROULETTE BLOCK", "63,9": "ROULETTE BLOCK", "106,9": "ROULETTE BLOCK", "162,9": "ROULETTE BLOCK", "96,4": "ROULETTE BLOCK", "104,25": "ROULETTE BLOCK", "32,26": "ROULETTE BLOCK", "180,24": "ROULETTE BLOCK", "55,22": "ROULETTE BLOCK", "58,18": "ROULETTE BLOCK", "163,21": "ROULETTE BLOCK", "93,18": "ROULETTE BLOCK", "188,16": "ROULETTE BLOCK", "143,16": "ROULETTE BLOCK", "75,15": "ROULETTE BLOCK", "124,12": "ROULETTE BLOCK", "96,10": "ROULETTE BLOCK", "82,7": "ROULETTE BLOCK", "183,7": "ROULETTE BLOCK", "39,26": "ROULETTE BLOCK", "140,24": "ROULETTE BLOCK", "53,18": "ROULETTE BLOCK", "56,10": "ROULETTE BLOCK", "95,22": "ROULETTE BLOCK", "168,21": "ROULETTE BLOCK", "127,20": "ROULETTE BLOCK", "98,18": "ROULETTE BLOCK", "107,17": "ROULETTE BLOCK", "183,16": "ROULETTE BLOCK", "148,16": "ROULETTE BLOCK", "160,13": "ROULETTE BLOCK", "133,7": "ROULETTE BLOCK", "157,7": "ROULETTE BLOCK", "122,26": "ROULETTE BLOCK", "90,24": "ROULETTE BLOCK", "53,16": "ROULETTE BLOCK", "56,9": "ROULETTE BLOCK", "145,22": "ROULETTE BLOCK", "73,21": "ROULETTE BLOCK", "107,19": "ROULETTE BLOCK", "183,18": "ROULETTE BLOCK", "148,18": "ROULETTE BLOCK", "98,16": "ROULETTE BLOCK", "165,15": "ROULETTE BLOCK", "102,11": "ROULETTE BLOCK", "186,10": "ROULETTE BLOCK", "133,9": "ROULETTE BLOCK", "157,9": "ROULETTE BLOCK", "129,26": "ROULETTE BLOCK", "50,24": "ROULETTE BLOCK", "101,23": "ROULETTE BLOCK", "37,20": "ROULETTE BLOCK", "58,16": "ROULETTE BLOCK", "185,22": "ROULETTE BLOCK", "78,21": "ROULETTE BLOCK", "188,18": "ROULETTE BLOCK", "143,18": "ROULETTE BLOCK", "93,16": "ROULETTE BLOCK", "121,14": "ROULETTE BLOCK", "70,13": "ROULETTE BLOCK", "109,11": "ROULETTE BLOCK", "146,10": "ROULETTE BLOCK", "82,9": "ROULETTE BLOCK", "183,9": "ROULETTE BLOCK", "176,4": "ROULETTE BLOCK", "112,4": "ROULETTE BLOCK", "77,4": "ROULETTE BLOCK", "161,24": "ROULETTE BLOCK", "30,23": "ROULETTE BLOCK", "149,21": "ROULETTE BLOCK", "182,21": "ROULETTE BLOCK", "106,20": "ROULETTE BLOCK", "72,18": "ROULETTE BLOCK", "126,17": "ROULETTE BLOCK", "169,16": "ROULETTE BLOCK", "94,15": "ROULETTE BLOCK", "141,13": "ROULETTE BLOCK", "77,10": "ROULETTE BLOCK", "63,7": "ROULETTE BLOCK", "106,7": "ROULETTE BLOCK", "162,7": "ROULETTE BLOCK", "125,25": "ROULETTE BLOCK", "36,19": "ROULETTE BLOCK", "54,15": "ROULETTE BLOCK", "74,22": "ROULETTE BLOCK", "142,21": "ROULETTE BLOCK", "189,21": "ROULETTE BLOCK", "79,18": "ROULETTE BLOCK", "162,16": "ROULETTE BLOCK", "181,13": "ROULETTE BLOCK", "105,12": "ROULETTE BLOCK", "114,26": "ROULETTE BLOCK", "45,21": "ROULETTE BLOCK", "173,22": "ROULETTE BLOCK", "131,19": "ROULETTE BLOCK", "65,16": "ROULETTE BLOCK", "153,15": "ROULETTE BLOCK", "86,13": "ROULETTE BLOCK", "134,11": "ROULETTE BLOCK", "121,7": "ROULETTE BLOCK", "145,7": "ROULETTE BLOCK", "29,25": "ROULETTE BLOCK", "66,24": "ROULETTE BLOCK", "137,23": "ROULETTE BLOCK", "178,22": "ROULETTE BLOCK", "85,21": "ROULETTE BLOCK", "175,18": "ROULETTE BLOCK", "158,15": "ROULETTE BLOCK", "117,14": "ROULETTE BLOCK", "170,10": "ROULETTE BLOCK", "90,7": "ROULETTE BLOCK", "159,7": "ROULETTE BLOCK", "118,25": "ROULETTE BLOCK", "157,24": "ROULETTE BLOCK", "44,18": "ROULETTE BLOCK", "49,22": "ROULETTE BLOCK", "82,22": "ROULETTE BLOCK", "130,20": "ROULETTE BLOCK", "110,17": "ROULETTE BLOCK", "69,15": "ROULETTE BLOCK", "177,13": "ROULETTE BLOCK", "138,12": "ROULETTE BLOCK", "71,9": "ROULETTE BLOCK", "114,9": "ROULETTE BLOCK", "170,9": "ROULETTE BLOCK", "185,4": "ROULETTE BLOCK", "129,4": "ROULETTE BLOCK", "84,4": "ROULETTE BLOCK", "113,25": "ROULETTE BLOCK", "25,26": "ROULETTE BLOCK", "42,22": "ROULETTE BLOCK", "89,22": "ROULETTE BLOCK", "174,21": "ROULETTE BLOCK", "84,18": "ROULETTE BLOCK", "154,16": "ROULETTE BLOCK", "62,15": "ROULETTE BLOCK", "133,12": "ROULETTE BLOCK", "81,10": "ROULETTE BLOCK", "108,9": "ROULETTE BLOCK", "151,4": "ROULETTE BLOCK", "135,4": "ROULETTE BLOCK", "98,4": "ROULETTE BLOCK", "47,24": "ROULETTE BLOCK", "116,23": "ROULETTE BLOCK", "159,22": "ROULETTE BLOCK", "154,18": "ROULETTE BLOCK", "84,16": "ROULETTE BLOCK", "179,15": "ROULETTE BLOCK", "136,14": "ROULETTE BLOCK", "67,13": "ROULETTE BLOCK", "151,10": "ROULETTE BLOCK", "108,7": "ROULETTE BLOCK", "135,26": "ROULETTE BLOCK", "87,24": "ROULETTE BLOCK", "44,16": "ROULETTE BLOCK", "152,22": "ROULETTE BLOCK", "64,21": "ROULETTE BLOCK", "110,19": "ROULETTE BLOCK", "172,15": "ROULETTE BLOCK", "115,11": "ROULETTE BLOCK", "71,7": "ROULETTE BLOCK", "114,7": "ROULETTE BLOCK", "170,7": "ROULETTE BLOCK", "132,25": "ROULETTE BLOCK", "58,9": "ROULETTE BLOCK", "63,22": "ROULETTE BLOCK", "155,21": "ROULETTE BLOCK", "175,16": "ROULETTE BLOCK", "88,15": "ROULETTE BLOCK", "112,12": "ROULETTE BLOCK", "90,9": "ROULETTE BLOCK", "159,9": "ROULETTE BLOCK", "164,4": "ROULETTE BLOCK", "100,4": "ROULETTE BLOCK", "139,25": "ROULETTE BLOCK", "176,24": "ROULETTE BLOCK", "48,15": "ROULETTE BLOCK", "68,22": "ROULETTE BLOCK", "111,20": "ROULETTE BLOCK", "65,18": "ROULETTE BLOCK", "131,17": "ROULETTE BLOCK", "83,15": "ROULETTE BLOCK", "156,13": "ROULETTE BLOCK", "119,12": "ROULETTE BLOCK", "60,10": "ROULETTE BLOCK", "121,9": "ROULETTE BLOCK", "145,9": "ROULETTE BLOCK", "178,4": "ROULETTE BLOCK", "79,4": "ROULETTE BLOCK" }, "CLASSIC_SCROLL": 1.000000, "TILES_BG": { }, "WIDTH": 192.000000, "MODIFIERS": { "3,21": "MESSAGE:...", "23,21": "MESSAGE:I'm the worst", "68,0": "MESSAGE:I always wondered how does it feel to die. I was too scared to do it but...", "186,0": "MESSAGE:...who cares?" }, "HEIGHT": 27.000000, "BACKGROUND": "STORM", "MARKERS": { }, "KEEP_POWERUP": 1.000000, "RAIN": 1.000000, "TILES": { "87,3": "1,4", "186,3": "1,4", "136,3": "1,4", "152,3": "1,4", "66,3": "0,0", "103,3": "1,4", "167,3": "1,4", "37,18": "1,0", "89,3": "1,4", "124,3": "1,4", "140,3": "1,4", "188,3": "1,4", "95,3": "1,4", "138,3": "1,4", "61,6": "1,0", "68,3": "1,4", "169,3": "1,4", "74,3": "1,4", "111,3": "1,4", "175,3": "1,4", "131,2": "9,7", "155,2": "9,7", "80,2": "9,7", "149,2": "9,7", "181,2": "9,7", "21,25": "1,4", "118,2": "9,7", "104,2": "9,7", "160,2": "9,7", "92,2": "9,7", "10,26": "1,5", "35,19": "1,0", "123,2": "9,7", "147,2": "9,7", "17,25": "1,4", "5,26": "1,5", "73,2": "9,7", "116,2": "9,7", "172,2": "9,7", "9,25": "1,4", "2,25": "1,4", "105,2": "9,7", "161,2": "9,7", "119,2": "9,7", "81,2": "9,7", "148,2": "9,7", "180,2": "9,7", "130,2": "9,7", "154,2": "9,7", "23,26": "1,5", "12,25": "1,4", "19,25": "1,4", "15,26": "1,5", "72,2": "9,7", "117,2": "9,7", "173,2": "9,7", "7,25": "1,4", "0,26": "1,5", "122,2": "9,7", "146,2": "9,7", "93,2": "9,7", "67,3": "1,0", "102,3": "1,4", "166,3": "1,4", "137,3": "1,4", "153,3": "1,4", "86,3": "1,4", "187,3": "1,4", "75,3": "1,4", "110,3": "1,4", "174,3": "1,4", "60,6": "0,0", "49,12": "1,0", "69,3": "1,4", "168,3": "1,4", "94,3": "1,4", "139,3": "1,4", "88,3": "1,4", "125,3": "1,4", "141,3": "1,4", "189,3": "1,4", "28,22": "0,0", "120,2": "9,7", "144,2": "9,7", "91,2": "9,7", "158,2": "9,7", "22,26": "1,5", "109,2": "9,7", "70,2": "9,7", "115,2": "9,7", "171,2": "9,7", "6,25": "1,4", "83,2": "9,7", "182,2": "9,7", "1,26": "1,5", "132,2": "9,7", "156,2": "9,7", "18,25": "1,4", "13,25": "1,4", "14,26": "1,5", "107,2": "9,7", "163,2": "9,7", "96,3": "1,4", "127,3": "1,4", "143,3": "1,4", "57,8": "1,0", "77,3": "1,4", "112,3": "1,4", "176,3": "1,4", "98,3": "1,4", "135,3": "1,4", "151,3": "1,4", "84,3": "1,4", "129,3": "1,4", "185,3": "1,4", "29,22": "1,0", "48,12": "0,0", "79,3": "1,4", "178,3": "1,4", "100,3": "1,4", "164,3": "1,4", "36,18": "0,0", "76,3": "1,4", "113,3": "1,4", "177,3": "1,4", "56,8": "0,0", "126,3": "1,4", "142,3": "1,4", "97,3": "1,4", "101,3": "1,4", "165,3": "1,4", "78,3": "1,4", "179,3": "1,4", "85,3": "1,4", "128,3": "1,4", "184,3": "1,4", "99,3": "1,4", "134,3": "1,4", "150,3": "1,4", "71,2": "9,7", "114,2": "9,7", "170,2": "9,7", "20,25": "1,4", "108,2": "9,7", "90,2": "9,7", "159,2": "9,7", "121,2": "9,7", "145,2": "9,7", "4,26": "1,5", "106,2": "9,7", "162,2": "9,7", "3,25": "1,4", "8,25": "1,4", "11,26": "1,5", "34,19": "0,0", "133,2": "9,7", "157,2": "9,7", "82,2": "9,7", "183,2": "9,7", "16,25": "1,4", "118,3": "1,4", "104,3": "1,4", "160,3": "1,4", "131,3": "1,4", "155,3": "1,4", "80,3": "1,4", "149,3": "1,4", "181,3": "1,4", "73,3": "1,4", "116,3": "1,4", "172,3": "1,4", "92,3": "1,4", "123,3": "1,4", "147,3": "1,4", "15,25": "1,4", "12,26": "1,5", "103,2": "9,7", "167,2": "9,7", "19,26": "1,5", "0,25": "1,4", "87,2": "9,7", "186,2": "9,7", "7,26": "1,5", "136,2": "9,7", "152,2": "9,7", "68,2": "9,7", "169,2": "9,7", "74,2": "9,7", "111,2": "9,7", "175,2": "9,7", "26,23": "0,0", "54,9": "0,0", "42,15": "0,0", "47,13": "1,0", "89,2": "9,7", "124,2": "9,7", "140,2": "9,7", "188,2": "9,7", "23,25": "1,4", "95,2": "9,7", "138,2": "9,7", "17,26": "1,5", "137,2": "9,7", "153,2": "9,7", "86,2": "9,7", "187,2": "9,7", "33,20": "1,0", "10,25": "1,4", "9,26": "1,5", "52,10": "0,0", "2,26": "1,5", "102,2": "9,7", "166,2": "9,7", "5,25": "1,4", "39,17": "1,0", "40,16": "0,0", "94,2": "9,7", "139,2": "9,7", "88,2": "9,7", "125,2": "9,7", "141,2": "9,7", "189,2": "9,7", "21,26": "1,5", "55,9": "1,0", "75,2": "9,7", "110,2": "9,7", "174,2": "9,7", "69,2": "9,7", "168,2": "9,7", "24,24": "0,0", "81,3": "1,4", "148,3": "1,4", "180,3": "1,4", "130,3": "1,4", "154,3": "1,4", "45,14": "1,0", "105,3": "1,4", "161,3": "1,4", "119,3": "1,4", "122,3": "1,4", "146,3": "1,4", "50,11": "0,0", "93,3": "1,4", "72,3": "1,4", "117,3": "1,4", "173,3": "1,4", "31,21": "1,0", "3,26": "1,5", "77,2": "9,7", "112,2": "9,7", "176,2": "9,7", "8,26": "1,5", "53,10": "1,0", "4,25": "1,4", "38,17": "0,0", "96,2": "9,7", "16,26": "1,5", "127,2": "9,7", "143,2": "9,7", "11,25": "1,4", "32,20": "0,0", "20,26": "1,5", "64,4": "0,0", "79,2": "9,7", "178,2": "9,7", "100,2": "9,7", "164,2": "9,7", "59,7": "1,0", "98,2": "9,7", "135,2": "9,7", "151,2": "9,7", "41,16": "1,0", "84,2": "9,7", "129,2": "9,7", "185,2": "9,7", "44,14": "0,0", "109,3": "1,4", "70,3": "1,4", "115,3": "1,4", "171,3": "1,4", "120,3": "1,4", "144,3": "1,4", "25,24": "1,0", "91,3": "1,4", "158,3": "1,4", "107,3": "1,4", "163,3": "1,4", "30,21": "0,0", "63,5": "1,0", "51,11": "1,0", "83,3": "1,4", "182,3": "1,4", "132,3": "1,4", "156,3": "1,4", "90,3": "1,4", "159,3": "1,4", "121,3": "1,4", "145,3": "1,4", "71,3": "1,4", "114,3": "1,4", "170,3": "1,4", "108,3": "1,4", "133,3": "1,4", "157,3": "1,4", "82,3": "1,4", "183,3": "1,4", "62,5": "0,0", "106,3": "1,4", "162,3": "1,4", "1,25": "1,4", "6,26": "1,5", "126,2": "9,7", "142,2": "9,7", "97,2": "9,7", "14,25": "1,4", "18,26": "1,5", "13,26": "1,5", "76,2": "9,7", "113,2": "9,7", "177,2": "9,7", "22,25": "1,4", "85,2": "9,7", "128,2": "9,7", "184,2": "9,7", "46,13": "0,0", "58,7": "0,0", "99,2": "9,7", "134,2": "9,7", "150,2": "9,7", "101,2": "9,7", "165,2": "9,7", "78,2": "9,7", "179,2": "9,7", "43,15": "1,0", "65,4": "1,0", "27,23": "1,0" } } }
