{ "MAIN": { "MUSIC": "RAILROAD", "OBJECTS": { "38,23": "ON OFF PLATFORM", "36,23": "ON OFF PLATFORM", "146,24": "BONY BEETLE", "30,20": "ON OFF BLOCK", "37,23": "ON OFF PLATFORM", "32,21": "MESSAGE BLOCK", "140,25": "WATER TOP 2", "118,24": "BRICK GOOMBA", "39,23": "ON OFF PLATFORM", "76,22": "BUBBLE GOOMBA", "23,21": "MESSAGE BLOCK", "109,22": "ROTODISC", "34,21": "QUESTION BLOCK", "91,24": "BONY BEETLE", "67,24": "SPIKE", "84,21": "ROULETTE BLOCK", "81,21": "MESSAGE BLOCK", "133,23": "CHARGING CHUCK", "157,15": "FLAGPOLE", "19,24": "VULCANO LOTUS", "13,20": "QUAD CANNON", "1,23": "MARIO", "11,25": "MONTY MOLE", "95,24": "STRETCH BOO", "139,23": "LAVA LOTUS", "63,24": "FLURRY", "48,19": "AMAZING FLYING HAMMER BRO", "8,24": "PARAGOOMBA", "71,24": "FIRE BRO", "139,25": "WATER TOP 2" }, "CLASSIC_SCROLL": 0.000000, "TILES_BG": { }, "WIDTH": 192.000000, "MODIFIERS": { "32,21": "MESSAGE:The next section might be tough so i will give you a power-up", "23,21": "MESSAGE:Welcome to my first ever super mario mod. I decided to give up on FNF development because of a mistake i cant fix.", "34,21": "HAMMER SUIT", "81,21": "MESSAGE:If you got the bomb shroom you are really lucky." }, "HEIGHT": 27.000000, "BACKGROUND": "CLASSIC", "MARKERS": { }, "KEEP_POWERUP": 0.000000, "RAIN": 0.000000, "TILES": { "141,25": "1,4", "77,26": "1,5", "70,25": "1,4", "146,26": "1,5", "96,26": "1,5", "160,25": "1,4", "56,26": "1,5", "51,25": "1,4", "91,25": "1,4", "156,25": "1,4", "60,26": "1,5", "67,25": "1,4", "151,26": "1,5", "41,26": "1,5", "81,26": "1,5", "86,25": "1,4", "46,25": "1,4", "131,25": "1,4", "136,26": "1,5", "110,25": "1,4", "26,26": "1,5", "21,25": "1,4", "117,26": "1,5", "126,25": "1,4", "10,26": "1,5", "17,25": "1,4", "121,26": "1,5", "107,25": "1,4", "31,26": "1,5", "5,26": "1,5", "14,19": "38,21", "9,25": "1,4", "2,25": "1,4", "100,26": "1,5", "138,26": "1,5", "133,26": "1,5", "134,25": "1,4", "24,25": "1,4", "112,26": "1,5", "119,26": "1,5", "28,26": "1,5", "115,25": "1,4", "23,26": "1,5", "12,25": "1,4", "124,26": "1,5", "19,25": "1,4", "128,25": "1,4", "123,25": "1,4", "15,26": "1,5", "7,25": "1,4", "33,25": "1,4", "105,26": "1,5", "102,25": "1,4", "34,26": "1,5", "0,26": "0,5", "109,25": "1,4", "148,26": "1,5", "75,25": "1,4", "143,26": "1,5", "144,25": "1,4", "72,26": "1,5", "79,26": "1,5", "54,25": "1,4", "94,25": "1,4", "93,26": "1,5", "58,26": "1,5", "98,26": "1,5", "53,26": "1,5", "62,25": "1,4", "154,26": "1,5", "69,25": "1,4", "158,25": "1,4", "153,25": "1,4", "65,26": "1,5", "48,25": "1,4", "83,25": "1,4", "43,25": "1,4", "88,25": "1,4", "44,26": "1,5", "84,26": "1,5", "118,26": "1,5", "25,25": "1,4", "113,26": "1,5", "114,25": "1,4", "22,26": "1,5", "29,26": "1,5", "132,26": "1,5", "139,26": "30,15", "135,25": "1,4", "6,25": "1,4", "32,25": "1,4", "104,26": "1,5", "108,25": "1,4", "103,25": "1,4", "1,26": "1,5", "18,25": "1,4", "13,25": "1,4", "125,26": "1,5", "122,25": "1,4", "14,26": "1,5", "129,25": "1,4", "95,25": "1,4", "55,25": "1,4", "99,26": "1,5", "52,26": "1,5", "92,26": "1,5", "59,26": "1,5", "74,25": "1,4", "142,26": "1,5", "149,26": "1,5", "4,24": "49,6", "78,26": "1,5", "145,25": "1,4", "73,26": "1,5", "42,25": "1,4", "89,25": "1,4", "49,25": "1,4", "82,25": "1,4", "85,26": "1,5", "45,26": "1,5", "68,25": "1,4", "63,25": "1,4", "155,26": "1,5", "152,25": "1,4", "64,26": "1,5", "159,25": "1,4", "161,25": "1,4", "57,26": "1,5", "97,26": "1,5", "90,25": "1,4", "50,25": "1,4", "76,26": "1,5", "71,25": "1,4", "147,26": "1,5", "80,26": "1,5", "47,25": "1,4", "87,25": "1,4", "157,25": "1,4", "61,26": "1,5", "66,25": "1,4", "150,26": "1,5", "111,25": "1,4", "27,26": "1,5", "20,25": "1,4", "116,26": "1,5", "130,25": "1,4", "137,26": "1,5", "106,25": "1,4", "30,26": "1,5", "4,26": "1,5", "3,25": "1,4", "101,26": "1,5", "8,25": "1,4", "127,25": "1,4", "11,26": "1,5", "16,25": "1,4", "120,26": "1,5", "158,26": "1,5", "65,25": "1,4", "153,26": "1,5", "154,25": "1,4", "62,26": "1,5", "69,26": "1,5", "44,25": "1,4", "84,25": "1,4", "83,26": "1,5", "48,26": "1,5", "88,26": "1,5", "43,26": "1,5", "72,25": "1,4", "144,26": "1,5", "79,25": "1,4", "148,25": "1,4", "143,25": "1,4", "75,26": "1,5", "58,25": "1,4", "93,25": "1,4", "53,25": "1,4", "98,25": "1,4", "54,26": "1,5", "94,26": "1,5", "128,26": "1,5", "15,25": "1,4", "123,26": "1,5", "124,25": "1,4", "12,26": "1,5", "19,26": "1,5", "34,25": "1,4", "102,26": "1,5", "0,25": "0,4", "109,26": "1,5", "105,25": "1,4", "33,26": "1,5", "7,26": "1,5", "134,26": "1,5", "138,25": "1,4", "133,25": "1,4", "28,25": "1,4", "23,25": "1,4", "115,26": "1,5", "112,25": "1,4", "24,26": "1,5", "119,25": "1,4", "121,25": "1,4", "17,26": "1,5", "10,25": "1,4", "126,26": "1,5", "9,26": "1,5", "100,25": "1,4", "2,26": "1,5", "13,19": "37,21", "5,25": "1,4", "31,25": "1,4", "107,26": "1,5", "136,25": "1,4", "131,26": "1,5", "117,25": "1,4", "21,26": "1,5", "26,25": "1,4", "110,26": "1,5", "151,25": "1,4", "67,26": "1,5", "60,25": "1,4", "156,26": "1,5", "86,26": "1,5", "46,26": "1,5", "41,25": "1,4", "81,25": "1,4", "146,25": "1,4", "70,26": "1,5", "77,25": "1,4", "141,26": "1,5", "51,26": "1,5", "91,26": "1,5", "96,25": "1,4", "56,25": "1,4", "160,26": "1,5", "101,25": "1,4", "3,26": "1,5", "8,26": "1,5", "4,25": "1,4", "30,25": "1,4", "106,26": "1,5", "120,25": "1,4", "16,26": "1,5", "11,25": "1,4", "127,26": "1,5", "116,25": "1,4", "20,26": "1,5", "27,25": "1,4", "111,26": "1,5", "137,25": "1,4", "130,26": "1,5", "47,26": "1,5", "87,26": "1,5", "80,25": "1,4", "150,25": "1,4", "66,26": "1,5", "61,25": "1,4", "157,26": "1,5", "90,26": "1,5", "50,26": "1,5", "57,25": "1,4", "161,26": "1,5", "97,25": "1,4", "147,25": "1,4", "71,26": "1,5", "76,25": "1,4", "140,26": "30,15", "85,25": "1,4", "45,25": "1,4", "89,26": "1,5", "42,26": "1,5", "82,26": "1,5", "49,26": "1,5", "64,25": "1,4", "152,26": "1,5", "159,26": "1,5", "68,26": "1,5", "155,25": "1,4", "63,26": "1,5", "52,25": "1,4", "99,25": "1,4", "59,25": "1,4", "92,25": "1,4", "95,26": "1,5", "55,26": "1,5", "78,25": "1,4", "73,25": "1,4", "145,26": "1,5", "142,25": "1,4", "74,26": "1,5", "149,25": "1,4", "108,26": "1,5", "1,25": "1,4", "103,26": "1,5", "104,25": "1,4", "32,26": "1,5", "6,26": "1,5", "14,25": "1,4", "122,26": "1,5", "129,26": "1,5", "18,26": "1,5", "125,25": "1,4", "13,26": "1,5", "22,25": "1,4", "114,26": "1,5", "29,25": "1,4", "118,25": "1,4", "113,25": "1,4", "25,26": "1,5", "135,26": "1,5", "132,25": "1,4" } } }
