{ "MAIN": { "MUSIC": "SUBCON", "OBJECTS": { "166,11": "BUMP BLOCK", "96,26": "LAVA", "166,5": "BUMP BLOCK", "184,23": "BIRDO", "91,25": "COLLAPSING BRIDGE", "154,24": "BOMB GUY", "134,23": "BIG SHY GUY", "166,15": "BUMP BLOCK", "53,24": "GREEN PANSER", "143,24": "NINJI", "100,26": "LAVA", "166,1": "BUMP BLOCK", "21,23": "BIG BLUE SHY GUY", "166,7": "BUMP BLOCK", "166,9": "BUMP BLOCK", "166,13": "BUMP BLOCK", "166,19": "BUMP BLOCK", "166,3": "BUMP BLOCK", "94,25": "COLLAPSING BRIDGE", "93,26": "LAVA", "166,17": "BUMP BLOCK", "98,26": "LAVA", "134,21": "BIG SHY GUY", "119,22": "CHECKPOINT", "150,24": "BOMB GUY", "147,24": "NINJI", "95,25": "COLLAPSING BRIDGE", "99,26": "LAVA", "92,26": "LAVA", "30,24": "GREEN POKEY", "101,24": "AXE", "166,20": "BUMP BLOCK", "30,22": "GREEN POKEY", "97,26": "LAVA", "166,22": "BUMP BLOCK", "52,24": "GREEN PANSER", "166,0": "BUMP BLOCK", "96,23": "SUMO BRO", "70,20": "TORPEDO TED", "93,25": "COLLAPSING BRIDGE", "166,14": "BUMP BLOCK", "98,25": "COLLAPSING BRIDGE", "94,26": "LAVA", "166,4": "BUMP BLOCK", "72,21": "TORPEDO TED", "166,10": "BUMP BLOCK", "166,16": "BUMP BLOCK", "54,24": "GREEN PANSER", "100,25": "COLLAPSING BRIDGE", "166,2": "BUMP BLOCK", "166,18": "BUMP BLOCK", "158,24": "BOMB GUY", "193,24": "END BOSS", "62,24": "SHELL TUTNIP", "166,12": "BUMP BLOCK", "166,8": "BUMP BLOCK", "166,6": "BUMP BLOCK", "91,26": "LAVA", "96,25": "COLLAPSING BRIDGE", "166,21": "BUMP BLOCK", "145,24": "NINJI", "1,23": "MARIO", "134,19": "BIG SHY GUY", "134,17": "BIG SHY GUY", "42,24": "TWEETER", "134,13": "BIG SHY GUY", "30,21": "GREEN POKEY", "106,22": "QUESTION BLOCK", "97,25": "COLLAPSING BRIDGE", "134,15": "BIG SHY GUY", "99,25": "COLLAPSING BRIDGE", "16,24": "STACKABLE BLOCK", "92,25": "COLLAPSING BRIDGE", "95,26": "LAVA", "127,24": "LARGE TURNIP", "37,24": "PORCUPO", "30,23": "GREEN POKEY" }, "CLASSIC_SCROLL": 0.000000, "TILES_BG": { }, "WIDTH": 213.000000, "MODIFIERS": { "106,22": "JUGEMU SHOE" }, "HEIGHT": 28.000000, "BACKGROUND": "CLASSIC", "MARKERS": { "164,23": "WARP LEFT" }, "KEEP_POWERUP": 0.000000, "RAIN": 0.000000, "TILES": { "141,25": "11,4", "77,26": "11,5", "38,27": "11,5", "181,25": "11,4", "210,26": "11,5", "7,27": "11,5", "33,27": "11,5", "186,26": "11,5", "102,27": "11,5", "165,23": "21,16", "70,25": "11,4", "146,26": "11,5", "109,27": "11,5", "12,27": "11,5", "160,25": "11,4", "56,26": "11,5", "19,27": "11,5", "51,25": "11,4", "167,26": "11,5", "128,27": "11,5", "123,27": "11,5", "196,25": "11,4", "207,26": "11,5", "24,27": "11,5", "156,25": "11,4", "60,26": "11,5", "67,25": "11,4", "151,26": "11,5", "200,25": "11,4", "191,26": "11,5", "115,27": "11,5", "177,25": "11,4", "41,26": "11,5", "81,26": "11,5", "86,25": "11,4", "134,27": "11,5", "46,25": "11,4", "170,26": "11,5", "131,25": "11,4", "48,27": "11,5", "83,27": "11,5", "43,27": "11,5", "88,27": "11,5", "172,27": "11,5", "136,26": "11,5", "179,27": "11,5", "62,27": "11,5", "110,25": "11,4", "26,26": "11,5", "69,27": "11,5", "205,27": "11,5", "194,24": "11,24", "21,25": "11,4", "117,26": "11,5", "158,27": "11,5", "193,27": "11,5", "153,27": "11,5", "198,27": "11,5", "54,27": "11,5", "126,25": "11,4", "10,26": "11,5", "94,27": "23,31", "17,25": "11,4", "121,26": "11,5", "165,27": "11,5", "107,25": "11,4", "31,26": "11,5", "5,26": "11,5", "212,27": "12,5", "75,27": "11,5", "9,25": "11,4", "144,27": "11,5", "2,25": "11,4", "36,25": "11,4", "184,27": "11,5", "138,26": "11,5", "177,27": "11,5", "194,22": "11,24", "133,26": "11,5", "134,25": "11,4", "86,27": "11,5", "46,27": "11,5", "193,21": "11,24", "24,25": "11,4", "112,26": "11,5", "196,27": "11,5", "119,26": "11,5", "156,27": "11,5", "28,26": "11,5", "67,27": "11,5", "115,25": "11,4", "23,26": "11,5", "200,27": "11,5", "12,25": "11,4", "124,26": "11,5", "19,25": "11,4", "160,27": "11,5", "128,25": "11,4", "51,27": "11,5", "167,24": "21,17", "123,25": "11,4", "15,26": "11,5", "91,27": "23,31", "141,27": "11,5", "38,25": "11,4", "7,25": "11,4", "33,25": "11,4", "105,26": "11,5", "181,27": "11,5", "102,25": "11,4", "34,26": "11,5", "0,26": "10,5", "109,25": "11,4", "70,27": "11,5", "212,25": "12,4", "183,26": "11,5", "148,26": "11,5", "107,27": "11,5", "75,25": "11,4", "188,26": "11,5", "143,26": "11,5", "144,25": "11,4", "72,26": "11,5", "9,27": "11,5", "184,25": "11,4", "79,26": "11,5", "2,27": "11,5", "36,27": "11,5", "54,25": "11,4", "162,26": "11,5", "169,26": "11,5", "126,27": "11,5", "58,26": "11,5", "17,27": "11,5", "165,25": "11,4", "53,26": "11,5", "62,25": "11,4", "154,26": "11,5", "69,25": "11,4", "205,25": "11,4", "194,26": "11,5", "110,27": "11,5", "158,25": "11,4", "193,25": "11,4", "202,26": "11,5", "21,27": "11,5", "153,25": "11,4", "198,25": "11,4", "209,26": "11,5", "65,26": "11,5", "48,25": "11,4", "83,25": "11,4", "131,27": "11,5", "43,25": "11,4", "88,25": "11,4", "175,26": "11,5", "172,25": "11,4", "44,26": "11,5", "179,25": "11,4", "84,26": "11,5", "118,26": "11,5", "157,27": "11,5", "25,25": "11,4", "113,26": "11,5", "197,27": "11,5", "114,25": "11,4", "22,26": "11,5", "201,27": "11,5", "29,26": "11,5", "66,27": "11,5", "132,26": "11,5", "139,26": "11,5", "176,27": "11,5", "47,27": "11,5", "192,21": "11,24", "135,25": "11,4", "87,27": "11,5", "6,25": "11,4", "32,25": "11,4", "104,26": "11,5", "180,27": "11,5", "140,27": "11,5", "39,25": "11,4", "108,25": "11,4", "71,27": "11,5", "103,25": "11,4", "35,26": "11,5", "1,26": "11,5", "18,25": "11,4", "161,27": "11,5", "13,25": "11,4", "125,26": "11,5", "122,25": "11,4", "14,26": "11,5", "90,27": "11,5", "129,25": "11,4", "50,27": "11,5", "166,24": "21,17", "168,26": "11,5", "127,27": "11,5", "55,25": "11,4", "163,26": "11,5", "164,25": "11,4", "52,26": "11,5", "59,26": "11,5", "16,27": "11,5", "74,25": "11,4", "189,26": "11,5", "142,26": "11,5", "182,26": "11,5", "149,26": "11,5", "106,27": "11,5", "185,25": "11,4", "78,26": "11,5", "3,27": "11,5", "37,27": "11,5", "145,25": "11,4", "73,26": "11,5", "8,27": "11,5", "42,25": "11,4", "89,25": "11,4", "174,26": "11,5", "49,25": "11,4", "82,25": "11,4", "130,27": "11,5", "178,25": "11,4", "85,26": "11,5", "173,25": "11,4", "45,26": "11,5", "68,25": "11,4", "204,25": "11,4", "195,26": "11,5", "111,27": "11,5", "63,25": "11,4", "155,26": "11,5", "152,25": "11,4", "199,25": "11,4", "208,26": "11,5", "64,26": "11,5", "159,25": "11,4", "192,25": "11,4", "203,26": "11,5", "20,27": "11,5", "161,25": "11,4", "57,26": "11,5", "18,27": "11,5", "13,27": "11,5", "90,25": "11,4", "122,27": "11,5", "50,25": "11,4", "166,26": "11,5", "129,27": "11,5", "180,25": "11,4", "211,26": "11,5", "6,27": "11,5", "32,27": "11,5", "140,25": "11,4", "76,26": "11,5", "39,27": "11,5", "71,25": "11,4", "147,26": "11,5", "108,27": "11,5", "187,26": "11,5", "103,27": "11,5", "164,23": "20,16", "80,26": "11,5", "176,25": "11,4", "40,26": "11,5", "47,25": "11,4", "171,26": "11,5", "87,25": "11,4", "135,27": "11,5", "157,25": "11,4", "61,26": "11,5", "197,25": "11,4", "206,26": "11,5", "25,27": "11,5", "201,25": "11,4", "190,26": "11,5", "114,27": "11,5", "66,25": "11,4", "150,26": "11,5", "111,25": "11,4", "27,26": "11,5", "68,27": "11,5", "204,27": "11,5", "63,27": "11,5", "152,27": "11,5", "199,27": "11,5", "20,25": "11,4", "116,26": "11,5", "159,27": "11,5", "192,27": "11,5", "42,27": "11,5", "89,27": "11,5", "130,25": "11,4", "49,27": "11,5", "82,27": "11,5", "137,26": "11,5", "178,27": "11,5", "173,27": "11,5", "74,27": "11,5", "106,25": "11,4", "30,26": "11,5", "4,26": "11,5", "3,25": "11,4", "37,25": "11,4", "101,26": "11,5", "185,27": "11,5", "8,25": "11,4", "145,27": "11,5", "127,25": "11,4", "11,26": "11,5", "95,27": "23,31", "168,24": "20,17", "55,27": "11,5", "164,27": "11,5", "16,25": "11,4", "120,26": "11,5", "202,25": "11,4", "193,26": "11,5", "158,26": "11,5", "117,27": "11,5", "65,25": "11,4", "209,25": "11,4", "198,26": "11,5", "153,26": "11,5", "154,25": "11,4", "62,26": "11,5", "194,25": "11,4", "205,26": "11,5", "69,26": "11,5", "26,27": "11,5", "44,25": "11,4", "172,26": "11,5", "84,25": "11,4", "179,26": "11,5", "136,27": "11,5", "83,26": "11,5", "48,26": "11,5", "175,25": "11,4", "88,26": "11,5", "43,26": "11,5", "72,25": "11,4", "144,26": "11,5", "79,25": "11,4", "184,26": "11,5", "100,27": "23,31", "167,23": "21,16", "148,25": "11,4", "183,25": "11,4", "212,26": "12,5", "5,27": "11,5", "31,27": "11,5", "143,25": "11,4", "188,25": "11,4", "75,26": "11,5", "58,25": "11,4", "121,27": "11,5", "53,25": "11,4", "165,26": "11,5", "162,25": "11,4", "54,26": "11,5", "169,25": "11,4", "10,27": "11,5", "128,26": "11,5", "167,27": "11,5", "15,25": "11,4", "123,26": "11,5", "124,25": "11,4", "12,26": "11,5", "96,27": "23,31", "19,26": "11,5", "56,27": "11,5", "0,25": "10,4", "34,25": "11,4", "102,26": "11,5", "186,27": "11,5", "109,26": "11,5", "146,27": "11,5", "38,26": "11,5", "77,27": "11,5", "105,25": "11,4", "33,26": "11,5", "7,26": "11,5", "210,27": "11,5", "134,26": "11,5", "170,27": "11,5", "138,25": "11,4", "41,27": "11,5", "194,21": "11,24", "133,25": "11,4", "81,27": "11,5", "28,25": "11,4", "151,27": "11,5", "23,25": "11,4", "115,26": "11,5", "191,27": "11,5", "112,25": "11,4", "24,26": "11,5", "207,27": "11,5", "119,25": "11,4", "60,27": "11,5", "121,25": "11,4", "17,26": "11,5", "58,27": "11,5", "93,27": "23,31", "53,27": "11,5", "98,27": "23,31", "165,24": "21,17", "162,27": "11,5", "10,25": "11,4", "126,26": "11,5", "169,27": "11,5", "9,26": "11,5", "72,27": "11,5", "36,26": "11,5", "2,26": "11,5", "79,27": "11,5", "5,25": "11,4", "31,25": "11,4", "107,26": "11,5", "148,27": "11,5", "183,27": "11,5", "143,27": "11,5", "188,27": "11,5", "44,27": "11,5", "136,25": "11,4", "84,27": "11,5", "131,26": "11,5", "175,27": "11,5", "117,25": "11,4", "21,26": "11,5", "202,27": "11,5", "65,27": "11,5", "209,27": "11,5", "154,27": "11,5", "26,25": "11,4", "110,26": "11,5", "194,27": "11,5", "151,25": "11,4", "67,26": "11,5", "28,27": "11,5", "191,25": "11,4", "200,26": "11,5", "23,27": "11,5", "207,25": "11,4", "196,26": "11,5", "112,27": "11,5", "60,25": "11,4", "156,26": "11,5", "119,27": "11,5", "86,26": "11,5", "170,25": "11,4", "46,26": "11,5", "41,25": "11,4", "177,26": "11,5", "138,27": "11,5", "194,23": "11,24", "81,25": "11,4", "133,27": "11,5", "186,25": "11,4", "0,27": "10,5", "34,27": "11,5", "146,25": "11,4", "70,26": "11,5", "77,25": "11,4", "141,26": "11,5", "210,25": "11,4", "181,26": "11,5", "105,27": "11,5", "167,25": "11,4", "51,26": "11,5", "15,27": "11,5", "124,27": "11,5", "56,25": "11,4", "160,26": "11,5", "101,25": "11,4", "37,26": "11,5", "3,26": "11,5", "78,27": "11,5", "8,26": "11,5", "73,27": "11,5", "142,27": "11,5", "189,27": "11,5", "4,25": "11,4", "30,25": "11,4", "106,26": "11,5", "149,27": "11,5", "182,27": "11,5", "52,27": "11,5", "99,27": "23,31", "164,24": "20,17", "120,25": "11,4", "16,26": "11,5", "59,27": "11,5", "92,27": "23,31", "11,25": "11,4", "127,26": "11,5", "168,27": "11,5", "163,27": "11,5", "64,27": "11,5", "208,27": "11,5", "116,25": "11,4", "20,26": "11,5", "203,27": "11,5", "27,25": "11,4", "111,26": "11,5", "195,27": "11,5", "155,27": "11,5", "137,25": "11,4", "85,27": "11,5", "45,27": "11,5", "174,27": "11,5", "130,26": "11,5", "171,25": "11,4", "47,26": "11,5", "87,26": "11,5", "80,25": "11,4", "132,27": "11,5", "40,25": "11,4", "176,26": "11,5", "139,27": "11,5", "190,25": "11,4", "201,26": "11,5", "22,27": "11,5", "150,25": "11,4", "66,26": "11,5", "29,27": "11,5", "61,25": "11,4", "157,26": "11,5", "118,27": "11,5", "206,25": "11,4", "197,26": "11,5", "113,27": "11,5", "90,26": "11,5", "14,27": "11,5", "166,25": "11,4", "50,26": "11,5", "57,25": "11,4", "161,26": "11,5", "125,27": "11,5", "147,25": "11,4", "71,26": "11,5", "187,25": "11,4", "1,27": "11,5", "35,27": "11,5", "211,25": "11,4", "180,26": "11,5", "104,27": "11,5", "76,25": "11,4", "140,26": "11,5", "168,23": "20,16", "85,25": "11,4", "178,26": "11,5", "137,27": "11,5", "45,25": "11,4", "173,26": "11,5", "174,25": "11,4", "89,26": "11,5", "42,26": "11,5", "82,26": "11,5", "49,26": "11,5", "64,25": "11,4", "208,25": "11,4", "199,26": "11,5", "152,26": "11,5", "203,25": "11,4", "192,26": "11,5", "159,26": "11,5", "116,27": "11,5", "195,25": "11,4", "204,26": "11,5", "68,26": "11,5", "27,27": "11,5", "155,25": "11,4", "63,26": "11,5", "52,25": "11,4", "164,26": "11,5", "59,25": "11,4", "120,27": "11,5", "168,25": "11,4", "11,27": "11,5", "163,25": "11,4", "55,26": "11,5", "78,25": "11,4", "185,26": "11,5", "101,27": "11,5", "166,23": "21,16", "73,25": "11,4", "145,26": "11,5", "142,25": "11,4", "189,25": "11,4", "74,26": "11,5", "149,25": "11,4", "182,25": "11,4", "4,27": "11,5", "30,27": "11,5", "108,26": "11,5", "147,27": "11,5", "1,25": "11,4", "35,25": "11,4", "103,26": "11,5", "187,27": "11,5", "104,25": "11,4", "32,26": "11,5", "6,26": "11,5", "211,27": "11,5", "39,26": "11,5", "76,27": "11,5", "14,25": "11,4", "122,26": "11,5", "129,26": "11,5", "166,27": "11,5", "18,26": "11,5", "57,27": "11,5", "125,25": "11,4", "13,26": "11,5", "97,27": "23,31", "22,25": "11,4", "114,26": "11,5", "190,27": "11,5", "29,25": "11,4", "150,27": "11,5", "118,25": "11,4", "61,27": "11,5", "113,25": "11,4", "25,26": "11,5", "206,27": "11,5", "171,27": "11,5", "135,26": "11,5", "132,25": "11,4", "80,27": "11,5", "139,25": "11,4", "40,27": "11,5" } } }
