{ "MAIN": { "MUSIC": "ATHLETIC", "OBJECTS": { "77,26": "WATER TOP 2", "52,19": "WATERFALL", "186,26": "WATER TOP 2", "53,20": "WATERFALL", "73,17": "GREEN POKEY", "146,26": "WATER TOP 2", "96,26": "WATER TOP 2", "56,26": "WATER TOP 2", "73,19": "GREEN POKEY", "167,26": "WATER TOP 2", "51,25": "WATERFALL", "15,24": "PARAGOOMBA", "60,26": "WATER TOP 2", "151,26": "WATER TOP 2", "191,26": "WATER TOP 2", "41,26": "WATER TOP 2", "81,26": "WATER TOP 2", "170,26": "WATER TOP 2", "136,26": "WATER TOP 2", "28,20": "URCHIN", "26,26": "WATER TOP 2", "117,26": "WATER TOP 2", "10,26": "WATER TOP 2", "121,26": "WATER TOP 2", "53,24": "WATERFALL", "98,24": "GREEN PANSER", "5,26": "WATER TOP 2", "31,26": "WATER TOP 2", "100,26": "WATER TOP 2", "51,21": "WATERFALL", "138,26": "WATER TOP 2", "133,26": "WATER TOP 2", "112,26": "WATER TOP 2", "119,26": "WATER TOP 2", "28,26": "WATER TOP 2", "23,26": "WATER TOP 2", "82,18": "BUBBLE GOOMBA", "191,24": "END BOSS", "124,26": "WATER TOP 2", "15,26": "WATER TOP 2", "105,26": "WATER TOP 2", "0,26": "WATER TOP 2", "34,26": "WATER TOP 2", "53,22": "WATERFALL", "73,15": "GREEN POKEY", "148,26": "WATER TOP 2", "183,26": "WATER TOP 2", "143,26": "WATER TOP 2", "188,26": "WATER TOP 2", "72,26": "WATER TOP 2", "79,26": "WATER TOP 2", "51,23": "WATERFALL", "100,24": "GREEN PANSER", "162,26": "WATER TOP 2", "181,23": "LARRY KOOPA", "169,26": "WATER TOP 2", "58,26": "WATER TOP 2", "93,26": "WATER TOP 2", "98,26": "WATER TOP 2", "53,26": "WATERFALL", "0,22": "CHEEP CHEEP GENERATOR", "154,26": "WATER TOP 2", "65,26": "WATER TOP 2", "175,26": "WATER TOP 2", "44,26": "WATER TOP 2", "84,26": "WATER TOP 2", "118,26": "WATER TOP 2", "113,26": "WATER TOP 2", "22,26": "WATER TOP 2", "29,26": "WATER TOP 2", "132,26": "WATER TOP 2", "63,21": "TORPEDO TED", "139,26": "WATER TOP 2", "104,26": "WATER TOP 2", "1,26": "WATER TOP 2", "35,26": "WATER TOP 2", "52,22": "WATERFALL", "125,26": "WATER TOP 2", "14,26": "WATER TOP 2", "73,22": "GREEN POKEY", "168,26": "WATER TOP 2", "163,26": "WATER TOP 2", "99,26": "WATER TOP 2", "52,26": "WATERFALL", "59,26": "WATER TOP 2", "92,26": "WATER TOP 2", "142,26": "WATER TOP 2", "189,26": "WATER TOP 2", "149,26": "WATER TOP 2", "182,26": "WATER TOP 2", "78,26": "WATER TOP 2", "73,26": "WATER TOP 2", "174,26": "WATER TOP 2", "61,20": "TORPEDO TED", "85,26": "WATER TOP 2", "45,26": "WATER TOP 2", "155,26": "WATER TOP 2", "64,26": "WATER TOP 2", "57,26": "WATER TOP 2", "97,26": "WATER TOP 2", "73,20": "GREEN POKEY", "166,26": "WATER TOP 2", "76,26": "WATER TOP 2", "53,19": "WATERFALL", "147,26": "WATER TOP 2", "187,26": "WATER TOP 2", "52,20": "WATERFALL", "80,26": "WATER TOP 2", "40,26": "WATER TOP 2", "171,26": "WATER TOP 2", "61,26": "WATER TOP 2", "84,19": "BUBBLE ITEM", "190,26": "WATER TOP 2", "150,26": "WATER TOP 2", "27,26": "WATER TOP 2", "116,26": "WATER TOP 2", "137,26": "WATER TOP 2", "85,24": "VULCANO LOTUS", "51,18": "WATERFALL", "4,26": "WATER TOP 2", "30,26": "WATER TOP 2", "101,26": "WATER TOP 2", "73,24": "GREEN POKEY", "11,26": "WATER TOP 2", "32,23": "HOMING BULLET BILL", "52,24": "WATERFALL", "99,24": "GREEN PANSER", "120,26": "WATER TOP 2", "158,26": "WATER TOP 2", "153,26": "WATER TOP 2", "62,26": "WATER TOP 2", "69,26": "WATER TOP 2", "172,26": "WATER TOP 2", "179,26": "WATER TOP 2", "48,26": "WATER TOP 2", "83,26": "WATER TOP 2", "43,26": "WATER TOP 2", "88,26": "WATER TOP 2", "144,26": "WATER TOP 2", "184,26": "WATER TOP 2", "51,20": "WATERFALL", "75,26": "WATER TOP 2", "165,26": "WATER TOP 2", "53,25": "WATERFALL", "54,26": "WATER TOP 2", "94,26": "WATER TOP 2", "128,26": "WATER TOP 2", "51,24": "WATERFALL", "123,26": "WATER TOP 2", "12,26": "WATER TOP 2", "19,26": "WATER TOP 2", "73,18": "GREEN POKEY", "102,26": "WATER TOP 2", "53,21": "WATERFALL", "73,16": "GREEN POKEY", "109,26": "WATER TOP 2", "38,26": "WATER TOP 2", "52,18": "WATERFALL", "7,26": "WATER TOP 2", "33,26": "WATER TOP 2", "134,26": "WATER TOP 2", "115,26": "WATER TOP 2", "24,26": "WATER TOP 2", "17,26": "WATER TOP 2", "126,26": "WATER TOP 2", "9,26": "WATER TOP 2", "2,26": "WATER TOP 2", "36,26": "WATER TOP 2", "51,22": "WATERFALL", "107,26": "WATER TOP 2", "131,26": "WATER TOP 2", "21,26": "WATER TOP 2", "110,26": "WATER TOP 2", "67,26": "WATER TOP 2", "156,26": "WATER TOP 2", "86,26": "WATER TOP 2", "46,26": "WATER TOP 2", "177,26": "WATER TOP 2", "53,23": "WATERFALL", "73,14": "GREEN POKEY", "70,26": "WATER TOP 2", "141,26": "WATER TOP 2", "181,26": "WATER TOP 2", "51,26": "WATERFALL", "91,26": "WATER TOP 2", "160,26": "WATER TOP 2", "183,23": "WENDY KOOPA", "3,26": "WATER TOP 2", "37,26": "WATER TOP 2", "50,22": "RIP VAN FISH", "8,26": "WATER TOP 2", "106,26": "WATER TOP 2", "1,23": "MARIO", "16,26": "WATER TOP 2", "127,26": "WATER TOP 2", "20,26": "WATER TOP 2", "111,26": "WATER TOP 2", "130,26": "WATER TOP 2", "61,21": "TORPEDO TED", "47,26": "WATER TOP 2", "87,26": "WATER TOP 2", "63,20": "TORPEDO TED", "176,26": "WATER TOP 2", "66,26": "WATER TOP 2", "157,26": "WATER TOP 2", "90,26": "WATER TOP 2", "73,23": "GREEN POKEY", "50,26": "WATER TOP 2", "161,26": "WATER TOP 2", "71,26": "WATER TOP 2", "52,23": "WATERFALL", "180,26": "WATER TOP 2", "140,26": "WATER TOP 2", "178,26": "WATER TOP 2", "173,26": "WATER TOP 2", "42,26": "WATER TOP 2", "89,26": "WATER TOP 2", "49,26": "WATER TOP 2", "82,26": "WATER TOP 2", "152,26": "WATER TOP 2", "159,26": "WATER TOP 2", "68,26": "WATER TOP 2", "63,26": "WATER TOP 2", "164,26": "WATER TOP 2", "52,25": "WATERFALL", "95,26": "WATER TOP 2", "55,26": "WATER TOP 2", "185,26": "WATER TOP 2", "145,26": "WATER TOP 2", "74,26": "WATER TOP 2", "51,19": "WATERFALL", "108,26": "WATER TOP 2", "103,26": "WATER TOP 2", "52,21": "WATERFALL", "6,26": "WATER TOP 2", "32,26": "WATER TOP 2", "39,26": "WATER TOP 2", "53,18": "WATERFALL", "122,26": "WATER TOP 2", "73,21": "GREEN POKEY", "129,26": "WATER TOP 2", "18,26": "WATER TOP 2", "13,26": "WATER TOP 2", "114,26": "WATER TOP 2", "45,21": "FISHBONE", "25,26": "WATER TOP 2", "135,26": "WATER TOP 2" }, "CLASSIC_SCROLL": 0.000000, "TILES_BG": { "54,23": "1,5", "50,18": "1,4", "49,18": "0,4", "54,21": "1,5", "55,18": "2,4", "49,21": "0,5", "55,21": "2,5", "54,18": "1,4", "50,23": "1,5", "55,23": "2,5", "49,23": "0,5", "50,21": "1,5", "50,19": "1,5", "54,22": "1,5", "54,24": "1,5", "49,19": "0,5", "55,19": "2,5", "54,20": "1,5", "50,22": "1,5", "55,24": "2,5", "49,24": "0,5", "49,20": "0,5", "54,19": "1,5", "55,20": "2,5", "50,20": "1,5", "55,22": "2,5", "50,24": "1,5", "49,22": "0,5" }, "WIDTH": 192.000000, "MODIFIERS": { "84,19": "POISON SHROOM" }, "HEIGHT": 27.000000, "BACKGROUND": "WATERFALL", "MARKERS": { }, "KEEP_POWERUP": 0.000000, "RAIN": 0.000000, "TILES": { "141,25": "21,12", "181,25": "21,12", "70,25": "21,12", "160,25": "21,12", "91,25": "21,12", "156,25": "21,12", "67,25": "21,12", "177,25": "21,12", "86,25": "21,12", "46,25": "21,12", "131,25": "21,12", "110,25": "21,12", "21,25": "21,12", "126,25": "21,12", "17,25": "21,12", "107,25": "21,12", "9,25": "21,12", "2,25": "21,12", "36,25": "21,12", "134,25": "21,12", "24,25": "21,12", "115,25": "21,12", "12,25": "21,12", "19,25": "21,12", "128,25": "21,12", "123,25": "21,12", "38,25": "21,12", "7,25": "21,12", "33,25": "21,12", "102,25": "21,12", "109,25": "21,12", "75,25": "21,12", "144,25": "21,12", "184,25": "21,12", "54,25": "21,12", "94,25": "21,12", "165,25": "21,12", "62,25": "21,12", "69,25": "21,12", "158,25": "21,12", "153,25": "21,12", "48,25": "21,12", "83,25": "21,12", "43,25": "21,12", "88,25": "21,12", "172,25": "21,12", "179,25": "21,12", "25,25": "21,12", "114,25": "21,12", "135,25": "21,12", "6,25": "21,12", "32,25": "21,12", "39,25": "21,12", "108,25": "21,12", "103,25": "21,12", "18,25": "21,12", "13,25": "21,12", "122,25": "21,12", "129,25": "21,12", "95,25": "21,12", "55,25": "21,12", "164,25": "21,12", "74,25": "21,12", "185,25": "21,12", "145,25": "21,12", "42,25": "21,12", "89,25": "21,12", "49,25": "21,12", "82,25": "21,12", "178,25": "21,12", "173,25": "21,12", "68,25": "21,12", "63,25": "21,12", "152,25": "21,12", "159,25": "21,12", "161,25": "21,12", "90,25": "21,12", "50,25": "21,12", "180,25": "21,12", "140,25": "21,12", "71,25": "21,12", "176,25": "21,12", "47,25": "21,12", "87,25": "21,12", "157,25": "21,12", "66,25": "21,12", "111,25": "21,12", "20,25": "21,12", "130,25": "21,12", "106,25": "21,12", "3,25": "21,12", "37,25": "21,12", "8,25": "21,12", "127,25": "21,12", "32,23": "34,12", "16,25": "21,12", "65,25": "21,12", "154,25": "21,12", "44,25": "21,12", "84,25": "21,12", "175,25": "21,12", "72,25": "21,12", "79,25": "21,12", "148,25": "21,12", "183,25": "21,12", "143,25": "21,12", "188,25": "21,12", "58,25": "21,12", "93,25": "21,12", "98,25": "21,12", "162,25": "21,12", "169,25": "21,12", "15,25": "21,12", "124,25": "21,12", "34,25": "21,12", "0,25": "21,12", "105,25": "21,12", "138,25": "21,12", "133,25": "21,12", "28,25": "21,12", "23,25": "21,12", "112,25": "21,12", "119,25": "21,12", "121,25": "21,12", "10,25": "21,12", "100,25": "21,12", "5,25": "21,12", "31,25": "21,12", "136,25": "21,12", "117,25": "21,12", "26,25": "21,12", "151,25": "21,12", "191,25": "21,12", "60,25": "21,12", "170,25": "21,12", "41,25": "21,12", "81,25": "21,12", "186,25": "21,12", "146,25": "21,12", "77,25": "21,12", "167,25": "21,12", "96,25": "21,12", "56,25": "21,12", "101,25": "21,12", "4,25": "21,12", "30,25": "21,12", "120,25": "21,12", "11,25": "21,12", "116,25": "21,12", "27,25": "21,12", "137,25": "21,12", "171,25": "21,12", "80,25": "21,12", "40,25": "21,12", "190,25": "21,12", "150,25": "21,12", "61,25": "21,12", "166,25": "21,12", "57,25": "21,12", "97,25": "21,12", "147,25": "21,12", "187,25": "21,12", "32,24": "34,13", "76,25": "21,12", "85,25": "21,12", "45,25": "21,12", "174,25": "21,12", "64,25": "21,12", "155,25": "21,12", "99,25": "21,12", "59,25": "21,12", "92,25": "21,12", "168,25": "21,12", "163,25": "21,12", "78,25": "21,12", "73,25": "21,12", "142,25": "21,12", "189,25": "21,12", "149,25": "21,12", "182,25": "21,12", "1,25": "21,12", "35,25": "21,12", "104,25": "21,12", "14,25": "21,12", "125,25": "21,12", "22,25": "21,12", "29,25": "21,12", "118,25": "21,12", "113,25": "21,12", "132,25": "21,12", "139,25": "21,12" } } }
