{ "MAIN": { "MUSIC": "CASTLE", "OBJECTS": { "38,27": "LAVA", "33,27": "LAVA", "7,27": "LAVA", "102,27": "LAVA", "109,27": "LAVA", "12,27": "LAVA", "19,27": "LAVA", "128,27": "LAVA", "123,27": "LAVA", "24,27": "LAVA", "115,27": "LAVA", "69,23": "REX", "83,27": "LAVA", "48,27": "LAVA", "88,27": "LAVA", "43,27": "LAVA", "62,27": "LAVA", "25,14": "THWOMP", "69,27": "LAVA", "54,27": "LAVA", "94,27": "LAVA", "75,27": "LAVA", "86,27": "LAVA", "46,27": "LAVA", "67,27": "LAVA", "51,27": "LAVA", "91,27": "LAVA", "70,27": "LAVA", "107,27": "LAVA", "31,24": "GOLD BOWSER STATUE", "9,27": "LAVA", "36,27": "LAVA", "2,27": "LAVA", "126,27": "LAVA", "17,27": "LAVA", "110,27": "LAVA", "21,27": "LAVA", "66,27": "LAVA", "47,27": "LAVA", "87,27": "LAVA", "71,27": "LAVA", "90,27": "LAVA", "50,27": "LAVA", "127,27": "LAVA", "16,27": "LAVA", "106,27": "LAVA", "37,27": "LAVA", "3,27": "LAVA", "8,27": "LAVA", "111,27": "LAVA", "40,20": "TORPEDO TED", "20,27": "LAVA", "18,27": "LAVA", "13,27": "LAVA", "122,27": "LAVA", "32,27": "LAVA", "6,27": "LAVA", "39,27": "LAVA", "108,27": "LAVA", "103,27": "LAVA", "25,27": "LAVA", "114,27": "LAVA", "68,27": "LAVA", "63,27": "LAVA", "89,27": "LAVA", "42,27": "LAVA", "82,27": "LAVA", "49,27": "LAVA", "74,27": "LAVA", "95,27": "LAVA", "55,27": "LAVA", "117,27": "LAVA", "26,27": "LAVA", "100,27": "LAVA", "31,27": "LAVA", "5,27": "LAVA", "121,27": "LAVA", "10,27": "LAVA", "77,23": "REX", "52,16": "BULLET BILL", "96,27": "LAVA", "56,27": "LAVA", "77,27": "LAVA", "54,22": "PODOBOO", "41,27": "LAVA", "81,27": "LAVA", "20,19": "AMAZING FLYING HAMMER BRO", "60,27": "LAVA", "48,22": "PODOBOO", "93,27": "LAVA", "58,27": "LAVA", "98,27": "LAVA", "53,27": "LAVA", "72,27": "LAVA", "79,27": "LAVA", "51,22": "PODOBOO", "44,27": "LAVA", "84,27": "LAVA", "65,27": "LAVA", "28,27": "LAVA", "84,23": "REX", "23,27": "LAVA", "112,27": "LAVA", "119,27": "LAVA", "34,27": "LAVA", "0,27": "LAVA", "105,27": "LAVA", "128,24": "END BOSS", "15,27": "LAVA", "124,27": "LAVA", "78,27": "LAVA", "73,27": "LAVA", "99,27": "LAVA", "52,27": "LAVA", "1,23": "MARIO", "92,27": "LAVA", "59,27": "LAVA", "64,27": "LAVA", "85,27": "LAVA", "45,27": "LAVA", "118,23": "BOOM BOOM", "22,27": "LAVA", "29,27": "LAVA", "118,27": "LAVA", "113,27": "LAVA", "14,27": "LAVA", "125,27": "LAVA", "35,27": "LAVA", "1,27": "LAVA", "104,27": "LAVA", "51,6": "BULLET BILL", "116,27": "LAVA", "27,27": "LAVA", "120,27": "LAVA", "11,27": "LAVA", "101,27": "LAVA", "30,27": "LAVA", "4,27": "LAVA", "76,27": "LAVA", "57,27": "LAVA", "97,27": "LAVA", "61,27": "LAVA", "80,27": "LAVA", "40,27": "LAVA" }, "CLASSIC_SCROLL": 0.000000, "TILES_BG": { }, "WIDTH": 192.000000, "MODIFIERS": { }, "HEIGHT": 29.000000, "BACKGROUND": "CASTLE", "MARKERS": { }, "KEEP_POWERUP": 0.000000, "RAIN": 0.000000, "TILES": { "77,26": "16,23", "38,27": "16,23", "7,27": "16,23", "33,27": "16,23", "59,19": "16,23", "56,28": "23,31", "102,27": "16,23", "70,25": "16,23", "96,28": "23,31", "109,27": "16,23", "52,5": "16,23", "96,26": "16,23", "12,27": "16,23", "56,26": "16,23", "19,27": "16,23", "51,25": "16,23", "59,17": "16,23", "128,27": "16,23", "91,25": "16,23", "77,28": "23,31", "52,17": "16,23", "123,27": "16,23", "24,27": "16,23", "60,26": "16,23", "67,25": "16,23", "81,28": "23,31", "47,12": "16,23", "41,28": "23,31", "115,27": "16,23", "41,26": "16,23", "49,14": "16,23", "81,26": "16,23", "86,25": "16,23", "60,28": "23,31", "46,25": "16,23", "48,27": "16,23", "83,27": "16,23", "60,22": "16,23", "43,27": "16,23", "88,27": "16,23", "117,28": "23,31", "26,28": "23,31", "62,27": "16,23", "26,26": "16,23", "69,27": "16,23", "60,4": "16,23", "110,25": "16,23", "21,25": "16,23", "117,26": "16,23", "100,28": "23,31", "54,27": "16,23", "10,26": "16,23", "94,27": "16,23", "126,25": "16,23", "17,25": "16,23", "121,26": "16,23", "5,28": "23,31", "31,28": "23,31", "31,26": "16,23", "5,26": "16,23", "107,25": "16,23", "75,27": "16,23", "121,28": "23,31", "9,25": "16,23", "10,28": "23,31", "2,25": "16,23", "36,25": "16,23", "100,26": "16,23", "59,13": "16,23", "23,28": "23,31", "60,2": "16,23", "28,28": "23,31", "86,27": "16,23", "119,28": "23,31", "46,27": "16,23", "112,28": "23,31", "24,25": "16,23", "112,26": "16,23", "60,24": "16,23", "55,2": "16,23", "119,26": "16,23", "28,26": "16,23", "67,27": "16,23", "23,26": "16,23", "54,4": "16,23", "115,25": "16,23", "12,25": "16,23", "124,26": "16,23", "19,25": "16,23", "0,28": "23,31", "34,28": "23,31", "105,28": "23,31", "51,27": "16,23", "59,15": "16,23", "128,25": "16,23", "15,26": "16,23", "91,27": "16,23", "123,25": "16,23", "38,25": "16,23", "15,28": "23,31", "7,25": "16,23", "33,25": "16,23", "105,26": "16,23", "34,26": "16,23", "0,26": "16,23", "102,25": "16,23", "70,27": "16,23", "109,25": "16,23", "124,28": "23,31", "53,28": "23,31", "98,28": "23,31", "107,27": "16,23", "56,20": "16,23", "75,25": "16,23", "58,28": "23,31", "93,28": "23,31", "72,26": "16,23", "9,27": "16,23", "79,26": "16,23", "2,27": "16,23", "36,27": "16,23", "59,11": "16,23", "54,25": "16,23", "79,28": "23,31", "53,5": "16,23", "94,25": "16,23", "72,28": "23,31", "126,27": "16,23", "93,26": "16,23", "58,26": "16,23", "17,27": "16,23", "50,14": "16,23", "98,26": "16,23", "53,26": "16,23", "62,25": "16,23", "84,28": "23,31", "69,25": "16,23", "44,28": "23,31", "110,27": "16,23", "60,6": "16,23", "21,27": "16,23", "49,8": "16,23", "65,26": "16,23", "48,25": "16,23", "83,25": "16,23", "65,28": "23,31", "60,20": "16,23", "43,25": "16,23", "88,25": "16,23", "44,26": "16,23", "60,8": "16,23", "84,26": "16,23", "118,26": "16,23", "25,25": "16,23", "113,26": "16,23", "59,2": "16,23", "50,7": "16,23", "22,26": "16,23", "114,25": "16,23", "29,26": "16,23", "66,27": "16,23", "46,10": "16,23", "29,28": "23,31", "22,28": "23,31", "60,13": "16,23", "47,27": "16,23", "113,28": "23,31", "87,27": "16,23", "118,28": "23,31", "6,25": "16,23", "32,25": "16,23", "104,26": "16,23", "39,25": "16,23", "14,28": "23,31", "71,27": "16,23", "59,22": "16,23", "54,18": "16,23", "108,25": "16,23", "125,28": "23,31", "35,26": "16,23", "1,26": "16,23", "57,2": "16,23", "103,25": "16,23", "18,25": "16,23", "1,28": "23,31", "35,28": "23,31", "13,25": "16,23", "125,26": "16,23", "14,26": "16,23", "90,27": "16,23", "122,25": "16,23", "104,28": "23,31", "50,27": "16,23", "95,25": "16,23", "73,28": "23,31", "127,27": "16,23", "55,25": "16,23", "78,28": "23,31", "99,26": "16,23", "52,26": "16,23", "92,26": "16,23", "59,26": "16,23", "16,27": "16,23", "74,25": "16,23", "59,28": "23,31", "92,28": "23,31", "52,28": "23,31", "99,28": "23,31", "106,27": "16,23", "78,26": "16,23", "3,27": "16,23", "37,27": "16,23", "73,26": "16,23", "8,27": "16,23", "42,25": "16,23", "89,25": "16,23", "59,6": "16,23", "49,25": "16,23", "82,25": "16,23", "64,28": "23,31", "85,26": "16,23", "45,26": "16,23", "60,19": "16,23", "68,25": "16,23", "45,28": "23,31", "111,27": "16,23", "60,17": "16,23", "48,12": "16,23", "63,25": "16,23", "85,28": "23,31", "64,26": "16,23", "20,27": "16,23", "59,8": "16,23", "57,26": "16,23", "18,27": "16,23", "97,26": "16,23", "13,27": "16,23", "90,25": "16,23", "76,28": "23,31", "53,17": "16,23", "122,27": "16,23", "50,25": "16,23", "6,27": "16,23", "32,27": "16,23", "76,26": "16,23", "39,27": "16,23", "71,25": "16,23", "97,28": "23,31", "108,27": "16,23", "59,20": "16,23", "57,28": "23,31", "103,27": "16,23", "80,26": "16,23", "40,26": "16,23", "60,11": "16,23", "47,25": "16,23", "87,25": "16,23", "61,28": "23,31", "61,26": "16,23", "25,27": "16,23", "40,28": "23,31", "114,27": "16,23", "66,25": "16,23", "80,28": "23,31", "27,26": "16,23", "68,27": "16,23", "60,15": "16,23", "111,25": "16,23", "63,27": "16,23", "20,25": "16,23", "116,26": "16,23", "42,27": "16,23", "89,27": "16,23", "59,4": "16,23", "116,28": "23,31", "49,27": "16,23", "82,27": "16,23", "51,7": "16,23", "58,2": "16,23", "27,28": "23,31", "74,27": "16,23", "120,28": "23,31", "30,26": "16,23", "4,26": "16,23", "57,22": "16,23", "106,25": "16,23", "3,25": "16,23", "37,25": "16,23", "101,26": "16,23", "8,25": "16,23", "11,28": "23,31", "11,26": "16,23", "95,27": "16,23", "56,2": "16,23", "127,25": "16,23", "101,28": "23,31", "55,27": "16,23", "4,28": "23,31", "30,28": "23,31", "16,25": "16,23", "59,24": "16,23", "51,16": "16,23", "120,26": "16,23", "43,28": "23,31", "88,28": "23,31", "117,27": "16,23", "65,25": "16,23", "48,28": "23,31", "83,28": "23,31", "62,26": "16,23", "69,26": "16,23", "26,27": "16,23", "60,5": "16,23", "44,25": "16,23", "69,28": "23,31", "54,3": "16,23", "84,25": "16,23", "62,28": "23,31", "83,26": "16,23", "48,26": "16,23", "60,23": "16,23", "88,26": "16,23", "43,26": "16,23", "72,25": "16,23", "94,28": "23,31", "79,25": "16,23", "54,28": "23,31", "100,27": "16,23", "59,12": "16,23", "5,27": "16,23", "31,27": "16,23", "75,26": "16,23", "58,25": "16,23", "93,25": "16,23", "75,28": "23,31", "121,27": "16,23", "53,25": "16,23", "98,25": "16,23", "54,26": "16,23", "94,26": "16,23", "10,27": "16,23", "7,28": "23,31", "33,28": "23,31", "59,16": "16,23", "128,26": "16,23", "15,25": "16,23", "38,28": "23,31", "52,16": "16,23", "123,26": "16,23", "12,26": "16,23", "109,28": "23,31", "96,27": "16,23", "124,25": "16,23", "19,26": "16,23", "102,28": "23,31", "56,27": "16,23", "0,25": "16,23", "34,25": "16,23", "102,26": "16,23", "19,28": "23,31", "109,26": "16,23", "12,28": "23,31", "38,26": "16,23", "77,27": "16,23", "123,28": "23,31", "33,26": "16,23", "7,26": "16,23", "59,18": "16,23", "105,25": "16,23", "128,28": "23,31", "24,28": "23,31", "41,27": "16,23", "115,28": "23,31", "81,27": "16,23", "48,9": "16,23", "28,25": "16,23", "23,25": "16,23", "115,26": "16,23", "24,26": "16,23", "112,25": "16,23", "60,27": "16,23", "119,25": "16,23", "17,26": "16,23", "58,27": "16,23", "93,27": "16,23", "50,15": "16,23", "121,25": "16,23", "107,28": "23,31", "53,27": "16,23", "98,27": "16,23", "2,28": "23,31", "36,28": "23,31", "53,4": "16,23", "10,25": "16,23", "9,28": "23,31", "126,26": "16,23", "9,26": "16,23", "72,27": "16,23", "126,28": "23,31", "36,26": "16,23", "2,26": "16,23", "79,27": "16,23", "59,10": "16,23", "100,25": "16,23", "5,25": "16,23", "31,25": "16,23", "107,26": "16,23", "56,21": "16,23", "17,28": "23,31", "44,27": "16,23", "60,9": "16,23", "110,28": "23,31", "84,27": "16,23", "60,21": "16,23", "21,28": "23,31", "21,26": "16,23", "49,9": "16,23", "117,25": "16,23", "65,27": "16,23", "26,25": "16,23", "110,26": "16,23", "60,7": "16,23", "49,13": "16,23", "67,26": "16,23", "28,27": "16,23", "47,11": "16,23", "23,27": "16,23", "46,28": "23,31", "112,27": "16,23", "60,25": "16,23", "86,28": "23,31", "55,3": "16,23", "119,27": "16,23", "86,26": "16,23", "46,26": "16,23", "41,25": "16,23", "60,3": "16,23", "81,25": "16,23", "67,28": "23,31", "0,27": "16,23", "34,27": "16,23", "70,26": "16,23", "55,19": "16,23", "52,6": "16,23", "77,25": "16,23", "91,28": "23,31", "51,28": "23,31", "105,27": "16,23", "51,26": "16,23", "59,14": "16,23", "91,26": "16,23", "15,27": "16,23", "96,25": "16,23", "70,28": "23,31", "124,27": "16,23", "56,25": "16,23", "37,26": "16,23", "3,26": "16,23", "78,27": "16,23", "101,25": "16,23", "8,26": "16,23", "73,27": "16,23", "127,28": "23,31", "16,28": "23,31", "4,25": "16,23", "30,25": "16,23", "106,26": "16,23", "57,21": "16,23", "106,28": "23,31", "52,27": "16,23", "99,27": "16,23", "16,26": "16,23", "59,27": "16,23", "92,27": "16,23", "51,15": "16,23", "120,25": "16,23", "11,25": "16,23", "8,28": "23,31", "127,26": "16,23", "3,28": "23,31", "37,28": "23,31", "64,27": "16,23", "20,26": "16,23", "59,9": "16,23", "116,25": "16,23", "27,25": "16,23", "111,26": "16,23", "60,16": "16,23", "48,13": "16,23", "85,27": "16,23", "45,27": "16,23", "60,18": "16,23", "111,28": "23,31", "20,28": "23,31", "59,7": "16,23", "47,26": "16,23", "50,8": "16,23", "87,26": "16,23", "80,25": "16,23", "66,28": "23,31", "40,25": "16,23", "60,12": "16,23", "22,27": "16,23", "66,26": "16,23", "29,27": "16,23", "46,11": "16,23", "61,25": "16,23", "87,28": "23,31", "118,27": "16,23", "47,28": "23,31", "113,27": "16,23", "59,3": "16,23", "90,26": "16,23", "14,27": "16,23", "50,26": "16,23", "57,25": "16,23", "97,25": "16,23", "71,28": "23,31", "125,27": "16,23", "71,26": "16,23", "59,23": "16,23", "54,19": "16,23", "1,27": "16,23", "35,27": "16,23", "50,28": "23,31", "104,27": "16,23", "55,20": "16,23", "76,25": "16,23", "90,28": "23,31", "85,25": "16,23", "63,28": "23,31", "51,6": "16,23", "45,25": "16,23", "68,28": "23,31", "89,26": "16,23", "42,26": "16,23", "59,5": "16,23", "82,26": "16,23", "49,26": "16,23", "64,25": "16,23", "49,28": "23,31", "82,28": "23,31", "42,28": "23,31", "89,28": "23,31", "116,27": "16,23", "68,26": "16,23", "27,27": "16,23", "60,14": "16,23", "63,26": "16,23", "52,25": "16,23", "99,25": "16,23", "59,25": "16,23", "92,25": "16,23", "74,28": "23,31", "120,27": "16,23", "95,26": "16,23", "11,27": "16,23", "55,26": "16,23", "78,25": "16,23", "55,28": "23,31", "101,27": "16,23", "73,25": "16,23", "95,28": "23,31", "74,26": "16,23", "4,27": "16,23", "30,27": "16,23", "108,26": "16,23", "13,28": "23,31", "59,21": "16,23", "1,25": "16,23", "35,25": "16,23", "103,26": "16,23", "18,28": "23,31", "32,26": "16,23", "6,26": "16,23", "104,25": "16,23", "39,26": "16,23", "76,27": "16,23", "53,18": "16,23", "122,28": "23,31", "14,25": "16,23", "39,28": "23,31", "122,26": "16,23", "6,28": "23,31", "32,28": "23,31", "18,26": "16,23", "103,28": "23,31", "57,27": "16,23", "13,26": "16,23", "108,28": "23,31", "97,27": "16,23", "125,25": "16,23", "22,25": "16,23", "114,26": "16,23", "29,25": "16,23", "61,27": "16,23", "118,25": "16,23", "25,26": "16,23", "113,25": "16,23", "25,28": "23,31", "80,27": "16,23", "40,27": "16,23", "60,10": "16,23", "114,28": "23,31" } } }
